<CongestedRegion probabilityOfFailure="6.4%" left="70.2mm" right="80.7mm" bottom="39.4mm" top="47.7mm" width="10.5mm" height="8.3mm">
    <NearbyComponent name="Q5" edgeDistance="0.025mm" directions="left" freeSpaceOnLeft=">5.0mm" freeSpaceAbove=">5.0mm" freeSpaceBelow="4.7mm" left="66.8mm" right="70.2mm" bottom="43.1mm" top="45.5mm" />
    <NearbyComponent name="DL1" edgeDistance="0.897mm" directions="right" freeSpaceOnRight=">5.0mm" freeSpaceAbove=">5.0mm" freeSpaceBelow=">5.0mm" left="81.6mm" right="82.4mm" bottom="43.7mm" top="46.0mm" />
    <NearbyComponent name="C44" edgeDistance="1.02mm" directions="bottom" freeSpaceOnLeft="3.3mm" freeSpaceOnRight=">5.0mm" freeSpaceBelow=">5.0mm" left="69.3mm" right="70.2mm" bottom="36.2mm" top="38.4mm" />
    <NearbyComponent name="DL2" edgeDistance="3.594mm" directions="right" freeSpaceOnRight=">5.0mm" freeSpaceAbove=">5.0mm" freeSpaceBelow=">5.0mm" left="84.3mm" right="85.1mm" bottom="43.7mm" top="46.0mm" />
    <NearbyComponent name="R64" edgeDistance="4.268mm" directions="left,bottom" freeSpaceOnLeft=">5.0mm" freeSpaceBelow="4.8mm" left="65.2mm" right="66.1mm" bottom="36.1mm" top="38.5mm" />
</CongestedRegion>

<CongestedRegion probabilityOfFailure="5.9%" left="70.2mm" right="70.2mm" bottom="44.1mm" top="44.2mm" width="0.0mm" height="0.1mm">
    <NearbyComponent name="Q5" edgeDistance="0mm" directions="left" freeSpaceOnLeft=">5.0mm" freeSpaceAbove=">5.0mm" freeSpaceBelow="4.7mm" left="66.8mm" right="70.2mm" bottom="43.1mm" top="45.5mm" />
</CongestedRegion>

<CongestedRegion probabilityOfFailure="5.9%" left="70.2mm" right="70.2mm" bottom="44.2mm" top="44.4mm" width="0.0mm" height="0.1mm">
    <NearbyComponent name="Q5" edgeDistance="0mm" directions="left" freeSpaceOnLeft=">5.0mm" freeSpaceAbove=">5.0mm" freeSpaceBelow="4.7mm" left="66.8mm" right="70.2mm" bottom="43.1mm" top="45.5mm" />
</CongestedRegion>

<CongestedRegion probabilityOfFailure="1.7%" left="-31.4mm" right="-30.6mm" bottom="31.6mm" top="32.5mm" width="0.8mm" height="0.9mm">
    <NearbyComponent name="C47" edgeDistance="0mm" overlapDepth="0.8mm" directions="left,right,bottom,top" regionWithinComponent left="-31.4mm" right="-29.2mm" bottom="31.6mm" top="32.5mm" />
    <NearbyComponent name="TP81" edgeDistance="1.72mm" directions="top" freeSpaceOnLeft=">5.0mm" freeSpaceOnRight=">5.0mm" freeSpaceAbove="1.6mm" left="-33.1mm" right="-29.7mm" bottom="34.3mm" top="36.0mm" />
    <NearbyComponent name="C45" edgeDistance="2.34mm" directions="bottom" freeSpaceOnLeft=">5.0mm" freeSpaceOnRight=">5.0mm" freeSpaceBelow=">5.0mm" left="-31.4mm" right="-29.2mm" bottom="28.4mm" top="29.3mm" />
    <NearbyComponent name="R41" edgeDistance="3.328mm" directions="left" freeSpaceOnLeft=">5.0mm" freeSpaceAbove="3.3mm" freeSpaceBelow="3.3mm" left="-35.6mm" right="-34.7mm" bottom="30.7mm" top="33.1mm" />
</CongestedRegion>

<CongestedRegion probabilityOfFailure="0.5%" left="-77.0mm" right="-76.7mm" bottom="15.0mm" top="15.6mm" width="0.3mm" height="0.6mm">
    <NearbyComponent name="U5" edgeDistance="0mm" overlapDepth="0.3mm" directions="left,right,bottom,top" regionWithinComponent left="-78.0mm" right="-75.7mm" bottom="13.2mm" top="15.6mm" />
    <NearbyComponent name="SW_RIGHT" edgeDistance="2.1mm" directions="bottom" freeSpaceOnLeft="0.0mm" freeSpaceOnRight="0.0mm" freeSpaceBelow="0.0mm" left="-82.3mm" right="-75.3mm" bottom="6.7mm" top="12.9mm" />
    <NearbyComponent name="R60" edgeDistance="4.128mm" directions="top" freeSpaceOnLeft=">5.0mm" freeSpaceOnRight=">5.0mm" freeSpaceAbove="4.5mm" left="-78.0mm" right="-75.7mm" bottom="19.7mm" top="20.5mm" />
    <NearbyComponent name="TP4" edgeDistance="4.579mm" directions="right" freeSpaceOnRight="0.0mm" freeSpaceAbove="0.0mm" freeSpaceBelow="0.0mm" left="-72.1mm" right="-68.7mm" bottom="14.3mm" top="16.1mm" />
</CongestedRegion>

<CongestedRegion probabilityOfFailure="0.5%" left="-77.5mm" right="-77.2mm" bottom="15.0mm" top="15.6mm" width="0.3mm" height="0.6mm">
    <NearbyComponent name="U5" edgeDistance="0mm" overlapDepth="0.3mm" directions="left,right,bottom,top" regionWithinComponent left="-78.0mm" right="-75.7mm" bottom="13.2mm" top="15.6mm" />
    <NearbyComponent name="SW_RIGHT" edgeDistance="2.1mm" directions="bottom" freeSpaceOnLeft="0.0mm" freeSpaceOnRight="0.0mm" freeSpaceBelow="0.0mm" left="-82.3mm" right="-75.3mm" bottom="6.7mm" top="12.9mm" />
    <NearbyComponent name="R60" edgeDistance="4.128mm" directions="top" freeSpaceOnLeft=">5.0mm" freeSpaceOnRight=">5.0mm" freeSpaceAbove="4.5mm" left="-78.0mm" right="-75.7mm" bottom="19.7mm" top="20.5mm" />
    <NearbyComponent name="C57" edgeDistance="4.93mm" directions="left" freeSpaceOnLeft=">5.0mm" freeSpaceAbove=">5.0mm" freeSpaceBelow=">5.0mm" left="-83.3mm" right="-82.4mm" bottom="13.3mm" top="15.5mm" />
</CongestedRegion>

<CongestedRegion probabilityOfFailure="0.5%" left="-68.4mm" right="-68.1mm" bottom="2.4mm" top="3.0mm" width="0.3mm" height="0.6mm">
    <NearbyComponent name="U13" edgeDistance="0mm" overlapDepth="0.3mm" directions="left,right,bottom" freeSpaceBelow="3.7mm" left="-69.4mm" right="-67.1mm" bottom="0.6mm" top="3.0mm" />
    <NearbyComponent name="TP3" edgeDistance="0.39mm" directions="top" freeSpaceOnLeft=">5.0mm" freeSpaceOnRight="3.5mm" freeSpaceAbove=">5.0mm" left="-69.4mm" right="-66.0mm" bottom="3.3mm" top="5.1mm" />
    <NearbyComponent name="R73" edgeDistance="4.128mm" directions="top" freeSpaceOnLeft="4.9mm" freeSpaceOnRight=">5.0mm" freeSpaceAbove="4.7mm" left="-70.4mm" right="-68.1mm" bottom="7.1mm" top="7.9mm" />
</CongestedRegion>

<CongestedRegion probabilityOfFailure="0.5%" left="-68.9mm" right="-68.6mm" bottom="2.4mm" top="3.0mm" width="0.3mm" height="0.6mm">
    <NearbyComponent name="U13" edgeDistance="0mm" overlapDepth="0.3mm" directions="left,right,bottom" freeSpaceBelow="3.7mm" left="-69.4mm" right="-67.1mm" bottom="0.6mm" top="3.0mm" />
    <NearbyComponent name="TP3" edgeDistance="0.39mm" directions="top" freeSpaceOnLeft=">5.0mm" freeSpaceOnRight="3.5mm" freeSpaceAbove=">5.0mm" left="-69.4mm" right="-66.0mm" bottom="3.3mm" top="5.1mm" />
    <NearbyComponent name="R73" edgeDistance="4.128mm" directions="top" freeSpaceOnLeft="4.9mm" freeSpaceOnRight=">5.0mm" freeSpaceAbove="4.7mm" left="-70.4mm" right="-68.1mm" bottom="7.1mm" top="7.9mm" />
    <NearbyComponent name="C37" edgeDistance="4.93mm" directions="left" freeSpaceOnLeft=">5.0mm" freeSpaceAbove=">5.0mm" freeSpaceBelow=">5.0mm" left="-74.8mm" right="-73.9mm" bottom="0.6mm" top="2.8mm" />
</CongestedRegion>

<CongestedRegion probabilityOfFailure="0.5%" left="4.9mm" right="5.7mm" bottom="48.6mm" top="49.5mm" width="0.8mm" height="0.9mm">
    <NearbyComponent name="C48" edgeDistance="0mm" overlapDepth="0.8mm" directions="left,right,bottom,top" regionWithinComponent left="4.9mm" right="7.1mm" bottom="48.6mm" top="49.5mm" />
    <NearbyComponent name="R36" edgeDistance="4.223mm" directions="left" freeSpaceOnLeft=">5.0mm" freeSpaceAbove=">5.0mm" freeSpaceBelow=">5.0mm" left="-1.6mm" right="0.7mm" bottom="48.6mm" top="49.4mm" />
</CongestedRegion>

<CongestedRegion probabilityOfFailure="0.4%" left="-85.8mm" right="-85.0mm" bottom="-18.4mm" top="-17.5mm" width="0.8mm" height="0.9mm">
    <NearbyComponent name="C2" edgeDistance="0mm" overlapDepth="0.8mm" directions="left,right,bottom,top" regionWithinComponent left="-85.8mm" right="-83.6mm" bottom="-18.4mm" top="-17.5mm" />
    <NearbyComponent name="Q1" edgeDistance="3.894mm" directions="right,bottom" freeSpaceOnRight="0.5mm" freeSpaceBelow=">5.0mm" left="-84.6mm" right="-81.1mm" bottom="-24.8mm" top="-22.3mm" />
    <NearbyComponent name="R24" edgeDistance="4.048mm" directions="left,top" freeSpaceOnLeft=">5.0mm" freeSpaceAbove=">5.0mm" left="-90.7mm" right="-89.8mm" bottom="-17.5mm" top="-15.2mm" />
    <NearbyComponent name="U8" edgeDistance="4.878mm" directions="top" freeSpaceOnLeft=">5.0mm" freeSpaceOnRight=">5.0mm" freeSpaceAbove="0.5mm" left="-85.5mm" right="-83.8mm" bottom="-12.6mm" top="-10.0mm" />
</CongestedRegion>

<CongestedRegion probabilityOfFailure="0.4%" left="82.2mm" right="82.6mm" bottom="-8.6mm" top="-8.5mm" width="0.4mm" height="0.1mm">
    <NearbyComponent name="C32" edgeDistance="0mm" overlapDepth="0mm" directions="left,bottom,top" freeSpaceOnLeft=">5.0mm" left="81.3mm" right="82.2mm" bottom="-8.6mm" top="-6.4mm" />
    <NearbyComponent name="R51" edgeDistance="3.708mm" directions="left" freeSpaceOnLeft=">5.0mm" freeSpaceAbove=">5.0mm" freeSpaceBelow=">5.0mm" left="77.6mm" right="78.5mm" bottom="-8.7mm" top="-6.4mm" />
    <NearbyComponent name="C36" edgeDistance="4.09mm" directions="left,bottom" freeSpaceOnLeft=">5.0mm" freeSpaceBelow="3.6mm" left="79.3mm" right="81.5mm" bottom="-13.5mm" top="-12.6mm" />
    <NearbyComponent name="U7" edgeDistance="4.662mm" directions="right" freeSpaceOnRight="5.0mm" freeSpaceAbove=">5.0mm" freeSpaceBelow=">5.0mm" left="87.2mm" right="91.5mm" bottom="-15.8mm" top="-8.5mm" />
</CongestedRegion>

<CongestedRegion probabilityOfFailure="0.3%" left="-65.1mm" right="-64.7mm" bottom="-14.8mm" top="-14.1mm" width="0.4mm" height="0.7mm">
    <NearbyComponent name="D1" edgeDistance="0mm" overlapDepth="0.385mm" directions="left,right,bottom" freeSpaceBelow="0.0mm" left="-65.1mm" right="-64.7mm" bottom="-17.2mm" top="-14.1mm" />
    <NearbyComponent name="U18" edgeDistance="0.639mm" directions="bottom" freeSpaceOnLeft="0.0mm" freeSpaceOnRight="0.0mm" freeSpaceBelow="0.0mm" left="-66.6mm" right="-62.8mm" bottom="-17.9mm" top="-15.4mm" />
    <NearbyComponent name="C22" edgeDistance="2.511mm" directions="top" freeSpaceOnLeft=">5.0mm" freeSpaceOnRight=">5.0mm" freeSpaceAbove=">5.0mm" left="-64.7mm" right="-62.5mm" bottom="-11.6mm" top="-10.7mm" />
    <NearbyComponent name="PTC1" edgeDistance="3.558mm" directions="right" freeSpaceOnRight=">5.0mm" freeSpaceAbove=">5.0mm" freeSpaceBelow="3.7mm" left="-61.1mm" right="-59.6mm" bottom="-17.8mm" top="-14.6mm" />
    <NearbyComponent name="TP2" edgeDistance="3.656mm" directions="left,top" freeSpaceOnLeft=">5.0mm" freeSpaceAbove=">5.0mm" left="-72.1mm" right="-68.7mm" bottom="-13.6mm" top="-11.8mm" />
</CongestedRegion>

<CongestedRegion probabilityOfFailure="0.3%" left="35.8mm" right="36.6mm" bottom="49.4mm" top="49.8mm" width="0.8mm" height="0.4mm">
    <NearbyComponent name="EM2" edgeDistance="0mm" overlapDepth="0.35mm" directions="left,right,bottom,top" regionWithinComponent left="33.5mm" right="36.6mm" bottom="49.4mm" top="51.1mm" />
    <NearbyComponent name="TP25" edgeDistance="2.35mm" directions="right,bottom" freeSpaceOnRight=">5.0mm" freeSpaceBelow="0.8mm" left="37.3mm" right="40.7mm" bottom="45.4mm" top="47.2mm" />
    <NearbyComponent name="C17" edgeDistance="4.525mm" directions="top" freeSpaceOnLeft=">5.0mm" freeSpaceOnRight=">5.0mm" freeSpaceAbove=">5.0mm" left="35.9mm" right="38.1mm" bottom="54.3mm" top="55.2mm" />
    <NearbyComponent name="U2" edgeDistance="4.804mm" directions="bottom" freeSpaceOnLeft="0.0mm" freeSpaceOnRight="0.0mm" freeSpaceBelow="0.0mm" left="32.0mm" right="49.2mm" bottom="31.8mm" top="44.6mm" />
</CongestedRegion>

<CongestedRegion probabilityOfFailure="0.3%" left="-60.9mm" right="-59.9mm" bottom="31.3mm" top="31.6mm" width="1.0mm" height="0.3mm">
    <NearbyComponent name="U16" edgeDistance="0mm" overlapDepth="0.305mm" directions="left,right,bottom,top" regionWithinComponent left="-60.9mm" right="-54.1mm" bottom="28.7mm" top="32.9mm" />
    <NearbyComponent name="C61" edgeDistance="1.848mm" directions="bottom" freeSpaceOnLeft="0.0mm" freeSpaceOnRight="0.0mm" freeSpaceBelow="0.0mm" left="-62.6mm" right="-60.4mm" bottom="28.6mm" top="29.5mm" />
    <NearbyComponent name="R67" edgeDistance="2.277mm" directions="left,top" freeSpaceOnLeft="4.8mm" freeSpaceAbove="2.7mm" left="-63.1mm" right="-62.3mm" bottom="33.4mm" top="35.8mm" />
    <NearbyComponent name="R7" edgeDistance="4.742mm" directions="right,bottom" freeSpaceOnRight="0.0mm" freeSpaceBelow="0.0mm" left="-55.9mm" right="-55.1mm" bottom="26.4mm" top="28.7mm" />
</CongestedRegion>

<CongestedRegion probabilityOfFailure="0.3%" left="-14.0mm" right="-13.7mm" bottom="49.7mm" top="50.9mm" width="0.3mm" height="1.2mm">
    <NearbyComponent name="P2" edgeDistance="0mm" overlapDepth="0.3mm" directions="left,right,bottom,top" regionWithinComponent left="-33.6mm" right="-7.5mm" bottom="46.4mm" top="50.9mm" />
</CongestedRegion>

<CongestedRegion probabilityOfFailure="0.3%" left="-76.8mm" right="-75.7mm" bottom="12.9mm" top="13.2mm" width="1.1mm" height="0.3mm">
    <NearbyComponent name="U5" edgeDistance="0mm" overlapDepth="0mm" directions="left,top" freeSpaceOnLeft="4.4mm" freeSpaceAbove="4.1mm" left="-78.0mm" right="-75.7mm" bottom="13.2mm" top="15.6mm" />
    <NearbyComponent name="SW_RIGHT" edgeDistance="0mm" directions="bottom" freeSpaceOnLeft="0.0mm" freeSpaceOnRight="0.0mm" freeSpaceBelow="0.0mm" left="-82.3mm" right="-75.3mm" bottom="6.7mm" top="12.9mm" />
    <NearbyComponent name="L2" edgeDistance="3.72mm" directions="bottom" freeSpaceOnLeft="0.0mm" freeSpaceOnRight="0.0mm" freeSpaceBelow="0.0mm" left="-79.7mm" right="-75.8mm" bottom="7.0mm" top="9.1mm" />
    <NearbyComponent name="TP4" edgeDistance="3.761mm" directions="right,top" freeSpaceOnRight="0.0mm" freeSpaceAbove="0.0mm" left="-72.1mm" right="-68.7mm" bottom="14.3mm" top="16.1mm" />
    <NearbyComponent name="C21" edgeDistance="4.835mm" directions="right" freeSpaceOnRight="0.0mm" freeSpaceAbove="0.0mm" freeSpaceBelow="0.0mm" left="-70.9mm" right="-69.5mm" bottom="12.7mm" top="16.1mm" />
</CongestedRegion>

<CongestedRegion probabilityOfFailure="0.3%" left="-68.4mm" right="-68.1mm" bottom="1.9mm" top="2.4mm" width="0.3mm" height="0.5mm">
    <NearbyComponent name="U13" edgeDistance="0mm" overlapDepth="0.3mm" directions="left,right,bottom,top" regionWithinComponent left="-69.4mm" right="-67.1mm" bottom="0.6mm" top="3.0mm" />
    <NearbyComponent name="TP3" edgeDistance="0.99mm" directions="top" freeSpaceOnLeft=">5.0mm" freeSpaceOnRight="3.5mm" freeSpaceAbove=">5.0mm" left="-69.4mm" right="-66.0mm" bottom="3.3mm" top="5.1mm" />
    <NearbyComponent name="R73" edgeDistance="4.728mm" directions="top" freeSpaceOnLeft="4.9mm" freeSpaceOnRight=">5.0mm" freeSpaceAbove="4.7mm" left="-70.4mm" right="-68.1mm" bottom="7.1mm" top="7.9mm" />
</CongestedRegion>

<CongestedRegion probabilityOfFailure="0.3%" left="-29.7mm" right="-29.2mm" bottom="38.8mm" top="39.5mm" width="0.5mm" height="0.6mm">
    <NearbyComponent name="TP80" edgeDistance="0mm" directions="left" freeSpaceOnLeft="0.6mm" freeSpaceAbove=">5.0mm" freeSpaceBelow="1.6mm" left="-33.1mm" right="-29.7mm" bottom="37.7mm" top="39.5mm" />
    <NearbyComponent name="Q8" edgeDistance="0.877mm" directions="right,top" freeSpaceOnRight=">5.0mm" freeSpaceAbove="3.1mm" left="-28.9mm" right="-25.6mm" bottom="40.3mm" top="43.0mm" />
    <NearbyComponent name="TP81" edgeDistance="2.8mm" directions="left,bottom" freeSpaceOnLeft=">5.0mm" freeSpaceBelow="1.7mm" left="-33.1mm" right="-29.7mm" bottom="34.3mm" top="36.0mm" />
    <NearbyComponent name="C11" edgeDistance="4.035mm" directions="left" freeSpaceOnLeft="0.0mm" freeSpaceAbove="0.0mm" freeSpaceBelow="0.0mm" left="-35.9mm" right="-33.7mm" bottom="38.5mm" top="39.4mm" />
</CongestedRegion>

<CongestedRegion probabilityOfFailure="0.2%" left="-97.5mm" right="-96.4mm" bottom="-22.9mm" top="-22.3mm" width="1.1mm" height="0.5mm">
    <NearbyComponent name="Q10" edgeDistance="0mm" overlapDepth="0.532mm" directions="left,right,bottom,top" regionWithinComponent left="-97.5mm" right="-94.1mm" bottom="-24.8mm" top="-22.3mm" />
    <NearbyComponent name="R11" edgeDistance="2.132mm" directions="left,bottom" freeSpaceOnLeft=">5.0mm" freeSpaceBelow="3.9mm" left="-100.4mm" right="-98.1mm" bottom="-25.8mm" top="-24.9mm" />
    <NearbyComponent name="TP24" edgeDistance="2.223mm" directions="left,top" freeSpaceOnLeft=">5.0mm" freeSpaceAbove="2.7mm" left="-101.1mm" right="-97.7mm" bottom="-20.1mm" top="-18.3mm" />
    <NearbyComponent name="R12" edgeDistance="3.008mm" directions="right,bottom" freeSpaceOnRight=">5.0mm" freeSpaceBelow="4.0mm" left="-93.7mm" right="-91.4mm" bottom="-25.0mm" top="-24.2mm" />
</CongestedRegion>

<CongestedRegion probabilityOfFailure="0.2%" left="-76.0mm" right="-75.7mm" bottom="15.0mm" top="15.6mm" width="0.3mm" height="0.6mm">
    <NearbyComponent name="U5" edgeDistance="0mm" overlapDepth="0.3mm" directions="left,bottom,top" freeSpaceOnLeft="4.4mm" left="-78.0mm" right="-75.7mm" bottom="13.2mm" top="15.6mm" />
    <NearbyComponent name="SW_RIGHT" edgeDistance="2.1mm" directions="bottom" freeSpaceOnLeft="0.0mm" freeSpaceOnRight="0.0mm" freeSpaceBelow="0.0mm" left="-82.3mm" right="-75.3mm" bottom="6.7mm" top="12.9mm" />
    <NearbyComponent name="TP4" edgeDistance="3.579mm" directions="right" freeSpaceOnRight="0.0mm" freeSpaceAbove="0.0mm" freeSpaceBelow="0.0mm" left="-72.1mm" right="-68.7mm" bottom="14.3mm" top="16.1mm" />
    <NearbyComponent name="R60" edgeDistance="4.128mm" directions="top" freeSpaceOnLeft=">5.0mm" freeSpaceOnRight=">5.0mm" freeSpaceAbove="4.5mm" left="-78.0mm" right="-75.7mm" bottom="19.7mm" top="20.5mm" />
    <NearbyComponent name="C21" edgeDistance="4.835mm" directions="right" freeSpaceOnRight="0.0mm" freeSpaceAbove="0.0mm" freeSpaceBelow="0.0mm" left="-70.9mm" right="-69.5mm" bottom="12.7mm" top="16.1mm" />
</CongestedRegion>

<CongestedRegion probabilityOfFailure="0.2%" left="72.9mm" right="73.9mm" bottom="30.6mm" top="31.2mm" width="1.0mm" height="0.6mm">
    <NearbyComponent name="U10" edgeDistance="0mm" overlapDepth="0.6mm" directions="left,right,bottom,top" regionWithinComponent left="70.7mm" right="73.9mm" bottom="28.7mm" top="31.2mm" />
    <NearbyComponent name="C10" edgeDistance="2.585mm" directions="right,bottom" freeSpaceOnRight="0.0mm" freeSpaceBelow="0.0mm" left="76.2mm" right="78.4mm" bottom="28.6mm" top="29.5mm" />
    <NearbyComponent name="R18" edgeDistance="4.268mm" directions="right" freeSpaceOnRight="0.0mm" freeSpaceAbove="0.0mm" freeSpaceBelow="0.0mm" left="78.2mm" right="79.0mm" bottom="28.8mm" top="31.1mm" />
</CongestedRegion>

<CongestedRegion probabilityOfFailure="0.2%" left="56.7mm" right="57.2mm" bottom="40.0mm" top="41.2mm" width="0.5mm" height="1.2mm">
    <NearbyComponent name="U14" edgeDistance="0mm" overlapDepth="0.49mm" directions="left,right,bottom,top" regionWithinComponent left="56.7mm" right="59.1mm" bottom="37.7mm" top="41.2mm" />
    <NearbyComponent name="C72" edgeDistance="4.475mm" directions="left" freeSpaceOnLeft="2.1mm" freeSpaceAbove=">5.0mm" freeSpaceBelow=">5.0mm" left="51.3mm" right="52.2mm" bottom="38.9mm" top="41.1mm" />
    <NearbyComponent name="R66" edgeDistance="4.517mm" directions="right,top" freeSpaceOnRight=">5.0mm" freeSpaceAbove="4.2mm" left="58.5mm" right="60.8mm" bottom="45.5mm" top="46.4mm" />
</CongestedRegion>

<CongestedRegion probabilityOfFailure="0.2%" left="-63.7mm" right="-63.2mm" bottom="38.5mm" top="39.6mm" width="0.5mm" height="1.1mm">
    <NearbyComponent name="Q2" edgeDistance="0mm" overlapDepth="0.532mm" directions="left,right,bottom,top" regionWithinComponent left="-64.6mm" right="-62.2mm" bottom="38.5mm" top="41.9mm" />
    <NearbyComponent name="JP1" edgeDistance="2.646mm" directions="left,top" freeSpaceOnLeft=">5.0mm" freeSpaceAbove=">5.0mm" left="-70.2mm" right="-65.7mm" bottom="41.3mm" top="43.3mm" />
    <NearbyComponent name="R67" edgeDistance="2.738mm" directions="right,bottom" freeSpaceOnRight=">5.0mm" freeSpaceBelow="4.0mm" left="-63.1mm" right="-62.3mm" bottom="33.4mm" top="35.8mm" />
</CongestedRegion>

<CongestedRegion probabilityOfFailure="0.2%" left="-63.7mm" right="-63.2mm" bottom="40.8mm" top="41.9mm" width="0.5mm" height="1.1mm">
    <NearbyComponent name="Q2" edgeDistance="0mm" overlapDepth="0.532mm" directions="left,right,bottom,top" regionWithinComponent left="-64.6mm" right="-62.2mm" bottom="38.5mm" top="41.9mm" />
    <NearbyComponent name="JP1" edgeDistance="1.964mm" directions="left" freeSpaceOnLeft=">5.0mm" freeSpaceAbove=">5.0mm" freeSpaceBelow=">5.0mm" left="-70.2mm" right="-65.7mm" bottom="41.3mm" top="43.3mm" />
    <NearbyComponent name="Z57" edgeDistance="3.805mm" directions="top" freeSpaceOnLeft=">5.0mm" freeSpaceOnRight="4.5mm" freeSpaceAbove=">5.0mm" left="-64.5mm" right="-62.3mm" bottom="45.7mm" top="46.6mm" />
</CongestedRegion>

<CongestedRegion probabilityOfFailure="0.2%" left="70.8mm" right="71.6mm" bottom="-10.8mm" top="-9.9mm" width="0.8mm" height="0.9mm">
    <NearbyComponent name="C54" edgeDistance="0mm" overlapDepth="0.8mm" directions="left,right,bottom,top" regionWithinComponent left="70.8mm" right="73.0mm" bottom="-10.8mm" top="-9.9mm" />
    <NearbyComponent name="Q6" edgeDistance="0.09mm" directions="right" freeSpaceOnRight="0.0mm" freeSpaceAbove="0.0mm" freeSpaceBelow="0.0mm" left="71.7mm" right="75.0mm" bottom="-12.1mm" top="-9.4mm" />
    <NearbyComponent name="R57" edgeDistance="3.98mm" directions="right,bottom" freeSpaceOnRight="0.0mm" freeSpaceBelow="0.0mm" left="71.9mm" right="72.7mm" bottom="-17.1mm" top="-14.8mm" />
    <NearbyComponent name="C38" edgeDistance="4.46mm" directions="left" freeSpaceOnLeft=">5.0mm" freeSpaceAbove=">5.0mm" freeSpaceBelow=">5.0mm" left="64.2mm" right="66.4mm" bottom="-10.8mm" top="-9.9mm" />
</CongestedRegion>

<CongestedRegion probabilityOfFailure="0.2%" left="-77.1mm" right="-76.2mm" bottom="12.7mm" top="12.9mm" width="0.9mm" height="0.2mm">
    <NearbyComponent name="SW_RIGHT" edgeDistance="0mm" overlapDepth="0.205mm" directions="left,right,bottom" freeSpaceBelow="0.0mm" left="-82.3mm" right="-75.3mm" bottom="6.7mm" top="12.9mm" />
    <NearbyComponent name="U5" edgeDistance="0.3mm" directions="top" freeSpaceOnLeft="4.4mm" freeSpaceOnRight="3.6mm" freeSpaceAbove="4.1mm" left="-78.0mm" right="-75.7mm" bottom="13.2mm" top="15.6mm" />
    <NearbyComponent name="L2" edgeDistance="3.515mm" directions="bottom" freeSpaceOnLeft="0.0mm" freeSpaceOnRight="0.0mm" freeSpaceBelow="0.0mm" left="-79.7mm" right="-75.8mm" bottom="7.0mm" top="9.1mm" />
    <NearbyComponent name="TP4" edgeDistance="4.35mm" directions="right,top" freeSpaceOnRight="0.0mm" freeSpaceAbove="0.0mm" left="-72.1mm" right="-68.7mm" bottom="14.3mm" top="16.1mm" />
</CongestedRegion>

<CongestedRegion probabilityOfFailure="0.2%" left="-48.2mm" right="-47.6mm" bottom="21.1mm" top="21.2mm" width="0.6mm" height="0.1mm">
    <NearbyComponent name="TP14" edgeDistance="0mm" directions="bottom" freeSpaceOnLeft="2.0mm" freeSpaceOnRight="1.6mm" freeSpaceBelow="2.5mm" left="-49.8mm" right="-46.4mm" bottom="19.3mm" top="21.1mm" />
    <NearbyComponent name="TP15" edgeDistance="2.768mm" directions="right" freeSpaceOnRight=">5.0mm" freeSpaceAbove=">5.0mm" freeSpaceBelow=">5.0mm" left="-44.8mm" right="-41.4mm" bottom="19.4mm" top="21.2mm" />
    <NearbyComponent name="VR1" edgeDistance="3.878mm" directions="left,bottom" freeSpaceOnLeft="2.8mm" freeSpaceBelow=">5.0mm" left="-55.0mm" right="-51.9mm" bottom="15.4mm" top="20.0mm" />
    <NearbyComponent name="R26" edgeDistance="4.244mm" directions="left,bottom" freeSpaceOnLeft="1.2mm" freeSpaceBelow=">5.0mm" left="-50.7mm" right="-48.4mm" bottom="16.0mm" top="16.9mm" />
</CongestedRegion>

<CongestedRegion probabilityOfFailure="0.2%" left="-29.7mm" right="-29.2mm" bottom="37.7mm" top="38.8mm" width="0.5mm" height="1.2mm">
    <NearbyComponent name="TP80" edgeDistance="0mm" directions="left" freeSpaceOnLeft="0.6mm" freeSpaceAbove=">5.0mm" freeSpaceBelow="1.6mm" left="-33.1mm" right="-29.7mm" bottom="37.7mm" top="39.5mm" />
    <NearbyComponent name="Q8" edgeDistance="1.473mm" directions="right,top" freeSpaceOnRight=">5.0mm" freeSpaceAbove="3.1mm" left="-28.9mm" right="-25.6mm" bottom="40.3mm" top="43.0mm" />
    <NearbyComponent name="TP81" edgeDistance="1.64mm" directions="left,bottom" freeSpaceOnLeft=">5.0mm" freeSpaceBelow="1.7mm" left="-33.1mm" right="-29.7mm" bottom="34.3mm" top="36.0mm" />
    <NearbyComponent name="C11" edgeDistance="4.035mm" directions="left" freeSpaceOnLeft="0.0mm" freeSpaceAbove="0.0mm" freeSpaceBelow="0.0mm" left="-35.9mm" right="-33.7mm" bottom="38.5mm" top="39.4mm" />
</CongestedRegion>

<CongestedRegion probabilityOfFailure="0.2%" left="-58.0mm" right="-57.9mm" bottom="48.3mm" top="48.7mm" width="0.1mm" height="0.4mm">
    <NearbyComponent name="C71" edgeDistance="0mm" directions="right" freeSpaceOnRight=">5.0mm" freeSpaceAbove=">5.0mm" freeSpaceBelow=">5.0mm" left="-57.9mm" right="-55.7mm" bottom="47.8mm" top="48.7mm" />
    <NearbyComponent name="Z58" edgeDistance="1.71mm" directions="right,bottom" freeSpaceOnRight=">5.0mm" freeSpaceBelow="3.8mm" left="-57.9mm" right="-55.7mm" bottom="45.7mm" top="46.6mm" />
    <NearbyComponent name="R71" edgeDistance="3.078mm" directions="top" freeSpaceOnLeft="4.3mm" freeSpaceOnRight=">5.0mm" freeSpaceAbove=">5.0mm" left="-57.9mm" right="-55.6mm" bottom="51.8mm" top="52.7mm" />
    <NearbyComponent name="C70" edgeDistance="4.344mm" directions="left" freeSpaceOnLeft=">5.0mm" freeSpaceAbove=">5.0mm" freeSpaceBelow=">5.0mm" left="-64.5mm" right="-62.3mm" bottom="47.8mm" top="48.7mm" />
    <NearbyComponent name="Z57" edgeDistance="4.668mm" directions="left,bottom" freeSpaceOnLeft=">5.0mm" freeSpaceBelow="3.8mm" left="-64.5mm" right="-62.3mm" bottom="45.7mm" top="46.6mm" />
</CongestedRegion>

<CongestedRegion probabilityOfFailure="0.2%" left="78.6mm" right="79.0mm" bottom="31.1mm" top="31.2mm" width="0.4mm" height="0.1mm">
    <NearbyComponent name="R18" edgeDistance="0mm" directions="bottom" freeSpaceOnLeft="0.0mm" freeSpaceOnRight="0.0mm" freeSpaceBelow="0.0mm" left="78.2mm" right="79.0mm" bottom="28.8mm" top="31.1mm" />
    <NearbyComponent name="C10" edgeDistance="1.615mm" directions="left,bottom" freeSpaceOnLeft="0.0mm" freeSpaceBelow="0.0mm" left="76.2mm" right="78.4mm" bottom="28.6mm" top="29.5mm" />
    <NearbyComponent name="Q9" edgeDistance="3.937mm" directions="right,bottom" freeSpaceOnRight="0.0mm" freeSpaceBelow="0.0mm" left="83.0mm" right="85.4mm" bottom="27.5mm" top="30.9mm" />
    <NearbyComponent name="U10" edgeDistance="4.7mm" directions="left" freeSpaceOnLeft="3.5mm" freeSpaceAbove=">5.0mm" freeSpaceBelow="3.9mm" left="70.7mm" right="73.9mm" bottom="28.7mm" top="31.2mm" />
    <NearbyComponent name="C68" edgeDistance="4.861mm" directions="right,bottom" freeSpaceOnRight="0.0mm" freeSpaceBelow="0.0mm" left="83.6mm" right="85.8mm" bottom="28.6mm" top="29.5mm" />
</CongestedRegion>

<CongestedRegion probabilityOfFailure="0.2%" left="-61.5mm" right="-61.0mm" bottom="20.5mm" top="20.6mm" width="0.5mm" height="0.1mm">
    <NearbyComponent name="U11" edgeDistance="0mm" directions="top" freeSpaceOnLeft=">5.0mm" freeSpaceOnRight="1.4mm" freeSpaceAbove="4.1mm" left="-62.5mm" right="-60.0mm" bottom="20.6mm" top="24.4mm" />
    <NearbyComponent name="TP6" edgeDistance="2.356mm" directions="left,bottom" freeSpaceOnLeft="0.7mm" freeSpaceBelow="2.4mm" left="-67.3mm" right="-63.9mm" bottom="18.5mm" top="20.2mm" />
    <NearbyComponent name="C62" edgeDistance="2.43mm" directions="right" freeSpaceOnRight=">5.0mm" freeSpaceAbove=">5.0mm" freeSpaceBelow="3.2mm" left="-58.6mm" right="-56.4mm" bottom="20.5mm" top="21.4mm" />
    <NearbyComponent name="TP13" edgeDistance="3.232mm" directions="bottom" freeSpaceOnLeft="2.9mm" freeSpaceOnRight="2.8mm" freeSpaceBelow=">5.0mm" left="-61.2mm" right="-57.8mm" bottom="15.5mm" top="17.3mm" />
    <NearbyComponent name="C43" edgeDistance="3.915mm" directions="right,top" freeSpaceOnRight=">5.0mm" freeSpaceAbove="4.1mm" left="-58.6mm" right="-56.4mm" bottom="23.7mm" top="24.6mm" />
</CongestedRegion>

<CongestedRegion probabilityOfFailure="0.2%" left="-60.5mm" right="-60.0mm" bottom="20.5mm" top="20.6mm" width="0.5mm" height="0.1mm">
    <NearbyComponent name="U11" edgeDistance="0mm" directions="top" freeSpaceOnLeft=">5.0mm" freeSpaceOnRight="1.4mm" freeSpaceAbove="4.1mm" left="-62.5mm" right="-60.0mm" bottom="20.6mm" top="24.4mm" />
    <NearbyComponent name="C62" edgeDistance="1.43mm" directions="right" freeSpaceOnRight=">5.0mm" freeSpaceAbove=">5.0mm" freeSpaceBelow="3.2mm" left="-58.6mm" right="-56.4mm" bottom="20.5mm" top="21.4mm" />
    <NearbyComponent name="TP13" edgeDistance="3.232mm" directions="bottom" freeSpaceOnLeft="2.9mm" freeSpaceOnRight="2.8mm" freeSpaceBelow=">5.0mm" left="-61.2mm" right="-57.8mm" bottom="15.5mm" top="17.3mm" />
    <NearbyComponent name="TP6" edgeDistance="3.35mm" directions="left,bottom" freeSpaceOnLeft="0.7mm" freeSpaceBelow="2.4mm" left="-67.3mm" right="-63.9mm" bottom="18.5mm" top="20.2mm" />
    <NearbyComponent name="C43" edgeDistance="3.387mm" directions="right,top" freeSpaceOnRight=">5.0mm" freeSpaceAbove="4.1mm" left="-58.6mm" right="-56.4mm" bottom="23.7mm" top="24.6mm" />
</CongestedRegion>

<CongestedRegion probabilityOfFailure="0.2%" left="-91.6mm" right="-91.5mm" bottom="-36.7mm" top="-36.2mm" width="0.1mm" height="0.4mm">
    <NearbyComponent name="R16" edgeDistance="0mm" directions="left" freeSpaceOnLeft="4.2mm" freeSpaceAbove="4.2mm" freeSpaceBelow=">5.0mm" left="-93.9mm" right="-91.6mm" bottom="-37.1mm" top="-36.2mm" />
    <NearbyComponent name="SW1" edgeDistance="2.928mm" directions="right,bottom" freeSpaceOnRight="0.0mm" freeSpaceBelow="0.0mm" left="-88.6mm" right="-80.3mm" bottom="-44.0mm" top="-37.3mm" />
    <NearbyComponent name="Q3" edgeDistance="4.188mm" directions="top" freeSpaceOnLeft="4.7mm" freeSpaceOnRight=">5.0mm" freeSpaceAbove="4.0mm" left="-94.0mm" right="-91.5mm" bottom="-32.1mm" top="-29.1mm" />
</CongestedRegion>

<CongestedRegion probabilityOfFailure="0.2%" left="-79.6mm" right="-78.6mm" bottom="-11.8mm" top="-11.6mm" width="1.1mm" height="0.2mm">
    <NearbyComponent name="TP7" edgeDistance="3.717mm" directions="left,top" freeSpaceOnLeft="5.0mm" freeSpaceAbove=">5.0mm" left="-86.1mm" right="-82.7mm" bottom="-9.4mm" top="-7.6mm" />
    <NearbyComponent name="U8" edgeDistance="4.194mm" directions="left" freeSpaceOnLeft=">5.0mm" freeSpaceAbove="0.5mm" freeSpaceBelow="4.9mm" left="-85.5mm" right="-83.8mm" bottom="-12.6mm" top="-10.0mm" />
    <NearbyComponent name="R13" edgeDistance="4.667mm" directions="right,top" freeSpaceOnRight=">5.0mm" freeSpaceAbove="3.1mm" left="-77.2mm" right="-76.3mm" bottom="-7.1mm" top="-4.8mm" />
</CongestedRegion>

<CongestedRegion probabilityOfFailure="0.2%" left="-79.1mm" right="-78.0mm" bottom="12.7mm" top="12.9mm" width="1.1mm" height="0.2mm">
    <NearbyComponent name="SW_RIGHT" edgeDistance="0mm" overlapDepth="0.205mm" directions="left,right,bottom" freeSpaceBelow="0.0mm" left="-82.3mm" right="-75.3mm" bottom="6.7mm" top="12.9mm" />
    <NearbyComponent name="U5" edgeDistance="0.3mm" directions="right,top" freeSpaceOnRight="3.6mm" freeSpaceAbove="4.1mm" left="-78.0mm" right="-75.7mm" bottom="13.2mm" top="15.6mm" />
    <NearbyComponent name="C57" edgeDistance="3.346mm" directions="left,top" freeSpaceOnLeft=">5.0mm" freeSpaceAbove=">5.0mm" left="-83.3mm" right="-82.4mm" bottom="13.3mm" top="15.5mm" />
    <NearbyComponent name="L2" edgeDistance="3.515mm" directions="bottom" freeSpaceOnLeft="0.0mm" freeSpaceOnRight="0.0mm" freeSpaceBelow="0.0mm" left="-79.7mm" right="-75.8mm" bottom="7.0mm" top="9.1mm" />
</CongestedRegion>

<CongestedRegion probabilityOfFailure="0.2%" left="81.4mm" right="81.5mm" bottom="-22.5mm" top="-22.1mm" width="0.1mm" height="0.4mm">
    <NearbyComponent name="C28" edgeDistance="1.94mm" directions="right" freeSpaceOnRight="4.6mm" freeSpaceAbove=">5.0mm" freeSpaceBelow="4.3mm" left="83.4mm" right="85.6mm" bottom="-22.5mm" top="-21.6mm" />
    <NearbyComponent name="C56" edgeDistance="2.572mm" directions="left" freeSpaceOnLeft="3.9mm" freeSpaceAbove=">5.0mm" freeSpaceBelow="3.2mm" left="76.6mm" right="78.8mm" bottom="-22.5mm" top="-21.6mm" />
    <NearbyComponent name="C27" edgeDistance="4.05mm" directions="top" freeSpaceOnLeft="3.6mm" freeSpaceOnRight=">5.0mm" freeSpaceAbove="3.6mm" left="79.3mm" right="81.5mm" bottom="-18.0mm" top="-17.1mm" />
    <NearbyComponent name="C55" edgeDistance="4.137mm" directions="left,bottom" freeSpaceOnLeft=">5.0mm" freeSpaceBelow=">5.0mm" left="76.6mm" right="78.8mm" bottom="-26.7mm" top="-25.8mm" />
    <NearbyComponent name="TP34" edgeDistance="4.634mm" directions="right,bottom" freeSpaceOnRight=">5.0mm" freeSpaceBelow=">5.0mm" left="83.1mm" right="86.5mm" bottom="-28.7mm" top="-26.9mm" />
</CongestedRegion>

<CongestedRegion probabilityOfFailure="0.1%" left="40.7mm" right="42.7mm" bottom="49.2mm" top="51.1mm" width="2.0mm" height="1.9mm">
    <NearbyComponent name="C20" edgeDistance="0mm" overlapDepth="0mm" directions="right,bottom,top" freeSpaceOnRight=">5.0mm" left="42.7mm" right="43.6mm" bottom="49.2mm" top="51.4mm" />
    <NearbyComponent name="TP25" edgeDistance="1.97mm" directions="bottom" freeSpaceOnLeft=">5.0mm" freeSpaceOnRight=">5.0mm" freeSpaceBelow="0.8mm" left="37.3mm" right="40.7mm" bottom="45.4mm" top="47.2mm" />
    <NearbyComponent name="JP2" edgeDistance="3.904mm" directions="right,top" freeSpaceOnRight="3.6mm" freeSpaceAbove=">5.0mm" left="44.9mm" right="47.2mm" bottom="54.3mm" top="55.2mm" />
    <NearbyComponent name="EM2" edgeDistance="4.125mm" directions="left" freeSpaceOnLeft=">5.0mm" freeSpaceAbove="3.2mm" freeSpaceBelow="4.8mm" left="33.5mm" right="36.6mm" bottom="49.4mm" top="51.1mm" />
    <NearbyComponent name="C17" edgeDistance="4.139mm" directions="left,top" freeSpaceOnLeft=">5.0mm" freeSpaceAbove=">5.0mm" left="35.9mm" right="38.1mm" bottom="54.3mm" top="55.2mm" />
    <NearbyComponent name="U2" edgeDistance="4.529mm" directions="bottom" freeSpaceOnLeft="0.0mm" freeSpaceOnRight="0.0mm" freeSpaceBelow="0.0mm" left="32.0mm" right="49.2mm" bottom="31.8mm" top="44.6mm" />
</CongestedRegion>

<CongestedRegion probabilityOfFailure="0.1%" left="77.6mm" right="78.4mm" bottom="28.6mm" top="29.5mm" width="0.8mm" height="0.9mm">
    <NearbyComponent name="C10" edgeDistance="0mm" overlapDepth="0.8mm" directions="left,bottom,top" freeSpaceOnLeft="0.0mm" left="76.2mm" right="78.4mm" bottom="28.6mm" top="29.5mm" />
    <NearbyComponent name="R18" edgeDistance="0mm" overlapDepth="0.272mm" directions="right,top" freeSpaceOnRight="0.0mm" freeSpaceAbove="0.0mm" left="78.2mm" right="79.0mm" bottom="28.8mm" top="31.1mm" />
    <NearbyComponent name="U10" edgeDistance="3.74mm" directions="left" freeSpaceOnLeft="3.5mm" freeSpaceAbove=">5.0mm" freeSpaceBelow="3.9mm" left="70.7mm" right="73.9mm" bottom="28.7mm" top="31.2mm" />
    <NearbyComponent name="R4" edgeDistance="3.798mm" directions="bottom" freeSpaceOnLeft="4.5mm" freeSpaceOnRight=">5.0mm" freeSpaceBelow="4.5mm" left="76.7mm" right="79.0mm" bottom="23.9mm" top="24.8mm" />
    <NearbyComponent name="Q9" edgeDistance="4.524mm" directions="right" freeSpaceOnRight="0.0mm" freeSpaceAbove="0.0mm" freeSpaceBelow="0.0mm" left="83.0mm" right="85.4mm" bottom="27.5mm" top="30.9mm" />
</CongestedRegion>

<CongestedRegion probabilityOfFailure="0.1%" left="76.2mm" right="77.0mm" bottom="28.6mm" top="29.5mm" width="0.8mm" height="0.9mm">
    <NearbyComponent name="C10" edgeDistance="0mm" overlapDepth="0.8mm" directions="left,right,bottom,top" regionWithinComponent left="76.2mm" right="78.4mm" bottom="28.6mm" top="29.5mm" />
    <NearbyComponent name="R18" edgeDistance="1.128mm" directions="right" freeSpaceOnRight="0.0mm" freeSpaceAbove="0.0mm" freeSpaceBelow="0.0mm" left="78.2mm" right="79.0mm" bottom="28.8mm" top="31.1mm" />
    <NearbyComponent name="U10" edgeDistance="2.34mm" directions="left" freeSpaceOnLeft="3.5mm" freeSpaceAbove=">5.0mm" freeSpaceBelow="3.9mm" left="70.7mm" right="73.9mm" bottom="28.7mm" top="31.2mm" />
    <NearbyComponent name="R4" edgeDistance="3.798mm" directions="bottom" freeSpaceOnLeft="4.5mm" freeSpaceOnRight=">5.0mm" freeSpaceBelow="4.5mm" left="76.7mm" right="79.0mm" bottom="23.9mm" top="24.8mm" />
</CongestedRegion>

<CongestedRegion probabilityOfFailure="0.1%" left="62.8mm" right="63.7mm" bottom="20.9mm" top="21.7mm" width="0.9mm" height="0.8mm">
    <NearbyComponent name="C12" edgeDistance="0mm" overlapDepth="0.8mm" directions="left,right,bottom,top" regionWithinComponent left="62.8mm" right="63.7mm" bottom="20.9mm" top="23.1mm" />
    <NearbyComponent name="R63" edgeDistance="3.793mm" directions="right" freeSpaceOnRight=">5.0mm" freeSpaceAbove=">5.0mm" freeSpaceBelow="2.5mm" left="67.5mm" right="69.8mm" bottom="20.1mm" top="21.0mm" />
    <NearbyComponent name="R58" edgeDistance="4.531mm" directions="right,top" freeSpaceOnRight=">5.0mm" freeSpaceAbove=">5.0mm" left="67.5mm" right="69.8mm" bottom="24.2mm" top="25.0mm" />
</CongestedRegion>

<CongestedRegion probabilityOfFailure="0.1%" left="-64.7mm" right="-63.9mm" bottom="-11.6mm" top="-10.7mm" width="0.8mm" height="0.9mm">
    <NearbyComponent name="C22" edgeDistance="0mm" overlapDepth="0.8mm" directions="left,right,bottom,top" regionWithinComponent left="-64.7mm" right="-62.5mm" bottom="-11.6mm" top="-10.7mm" />
    <NearbyComponent name="D1" edgeDistance="2.511mm" directions="bottom" freeSpaceOnLeft="0.0mm" freeSpaceOnRight="0.0mm" freeSpaceBelow="0.0mm" left="-65.1mm" right="-64.7mm" bottom="-17.2mm" top="-14.1mm" />
    <NearbyComponent name="U18" edgeDistance="3.88mm" directions="bottom" freeSpaceOnLeft="0.0mm" freeSpaceOnRight="0.0mm" freeSpaceBelow="0.0mm" left="-66.6mm" right="-62.8mm" bottom="-17.9mm" top="-15.4mm" />
    <NearbyComponent name="TP2" edgeDistance="3.976mm" directions="left,bottom" freeSpaceOnLeft=">5.0mm" freeSpaceBelow=">5.0mm" left="-72.1mm" right="-68.7mm" bottom="-13.6mm" top="-11.8mm" />
    <NearbyComponent name="PTC1" edgeDistance="4.09mm" directions="right,bottom" freeSpaceOnRight=">5.0mm" freeSpaceBelow="3.7mm" left="-61.1mm" right="-59.6mm" bottom="-17.8mm" top="-14.6mm" />
</CongestedRegion>

<CongestedRegion probabilityOfFailure="0.1%" left="-63.3mm" right="-62.5mm" bottom="-11.6mm" top="-10.7mm" width="0.8mm" height="0.9mm">
    <NearbyComponent name="C22" edgeDistance="0mm" overlapDepth="0.8mm" directions="left,right,bottom,top" regionWithinComponent left="-64.7mm" right="-62.5mm" bottom="-11.6mm" top="-10.7mm" />
    <NearbyComponent name="D1" edgeDistance="2.859mm" directions="left,bottom" freeSpaceOnLeft="0.0mm" freeSpaceBelow="0.0mm" left="-65.1mm" right="-64.7mm" bottom="-17.2mm" top="-14.1mm" />
    <NearbyComponent name="PTC1" edgeDistance="3.297mm" directions="right,bottom" freeSpaceOnRight=">5.0mm" freeSpaceBelow="3.7mm" left="-61.1mm" right="-59.6mm" bottom="-17.8mm" top="-14.6mm" />
    <NearbyComponent name="U18" edgeDistance="3.88mm" directions="bottom" freeSpaceOnLeft="0.0mm" freeSpaceOnRight="0.0mm" freeSpaceBelow="0.0mm" left="-66.6mm" right="-62.8mm" bottom="-17.9mm" top="-15.4mm" />
    <NearbyComponent name="TP16" edgeDistance="4.386mm" directions="right,top" freeSpaceOnRight="3.6mm" freeSpaceAbove=">5.0mm" left="-60.5mm" right="-57.0mm" bottom="-6.8mm" top="-5.0mm" />
</CongestedRegion>

<CongestedRegion probabilityOfFailure="0.1%" left="-50.7mm" right="-49.9mm" bottom="8.8mm" top="9.7mm" width="0.8mm" height="0.9mm">
    <NearbyComponent name="C23" edgeDistance="0mm" overlapDepth="0.8mm" directions="left,right,bottom,top" regionWithinComponent left="-50.7mm" right="-48.5mm" bottom="8.8mm" top="9.7mm" />
    <NearbyComponent name="U4" edgeDistance="4.338mm" directions="bottom" freeSpaceOnLeft=">5.0mm" freeSpaceOnRight=">5.0mm" freeSpaceBelow="4.3mm" left="-50.4mm" right="-48.7mm" bottom="1.8mm" top="4.4mm" />
</CongestedRegion>

<CongestedRegion probabilityOfFailure="0.1%" left="-49.3mm" right="-48.5mm" bottom="8.8mm" top="9.7mm" width="0.8mm" height="0.9mm">
    <NearbyComponent name="C23" edgeDistance="0mm" overlapDepth="0.8mm" directions="left,right,bottom,top" regionWithinComponent left="-50.7mm" right="-48.5mm" bottom="8.8mm" top="9.7mm" />
    <NearbyComponent name="U4" edgeDistance="4.338mm" directions="bottom" freeSpaceOnLeft=">5.0mm" freeSpaceOnRight=">5.0mm" freeSpaceBelow="4.3mm" left="-50.4mm" right="-48.7mm" bottom="1.8mm" top="4.4mm" />
</CongestedRegion>

<CongestedRegion probabilityOfFailure="0.1%" left="-74.8mm" right="-73.9mm" bottom="2.0mm" top="2.8mm" width="0.9mm" height="0.8mm">
    <NearbyComponent name="C37" edgeDistance="0mm" overlapDepth="0.8mm" directions="left,right,bottom,top" regionWithinComponent left="-74.8mm" right="-73.9mm" bottom="0.6mm" top="2.8mm" />
    <NearbyComponent name="TP23" edgeDistance="2.46mm" directions="left,bottom" freeSpaceOnLeft=">5.0mm" freeSpaceBelow="3.1mm" left="-79.7mm" right="-76.3mm" bottom="-1.7mm" top="0.0mm" />
    <NearbyComponent name="SW_RIGHT" edgeDistance="3.948mm" directions="left,top" freeSpaceOnLeft="0.0mm" freeSpaceAbove="0.0mm" left="-82.3mm" right="-75.3mm" bottom="6.7mm" top="12.9mm" />
    <NearbyComponent name="L2" edgeDistance="4.324mm" directions="left,top" freeSpaceOnLeft="0.0mm" freeSpaceAbove="0.0mm" left="-79.7mm" right="-75.8mm" bottom="7.0mm" top="9.1mm" />
    <NearbyComponent name="U13" edgeDistance="4.43mm" directions="right" freeSpaceOnRight="4.7mm" freeSpaceAbove="0.4mm" freeSpaceBelow="3.7mm" left="-69.4mm" right="-67.1mm" bottom="0.6mm" top="3.0mm" />
    <NearbyComponent name="TP3" edgeDistance="4.477mm" directions="right,top" freeSpaceOnRight="3.5mm" freeSpaceAbove=">5.0mm" left="-69.4mm" right="-66.0mm" bottom="3.3mm" top="5.1mm" />
</CongestedRegion>

<CongestedRegion probabilityOfFailure="0.1%" left="-74.8mm" right="-73.9mm" bottom="0.6mm" top="1.4mm" width="0.9mm" height="0.8mm">
    <NearbyComponent name="C37" edgeDistance="0mm" overlapDepth="0.8mm" directions="left,right,bottom,top" regionWithinComponent left="-74.8mm" right="-73.9mm" bottom="0.6mm" top="2.8mm" />
    <NearbyComponent name="TP23" edgeDistance="1.614mm" directions="left,bottom" freeSpaceOnLeft=">5.0mm" freeSpaceBelow="3.1mm" left="-79.7mm" right="-76.3mm" bottom="-1.7mm" top="0.0mm" />
    <NearbyComponent name="U13" edgeDistance="4.43mm" directions="right" freeSpaceOnRight="4.7mm" freeSpaceAbove="0.4mm" freeSpaceBelow="3.7mm" left="-69.4mm" right="-67.1mm" bottom="0.6mm" top="3.0mm" />
    <NearbyComponent name="TP3" edgeDistance="4.861mm" directions="right,top" freeSpaceOnRight="3.5mm" freeSpaceAbove=">5.0mm" left="-69.4mm" right="-66.0mm" bottom="3.3mm" top="5.1mm" />
</CongestedRegion>

<CongestedRegion probabilityOfFailure="0.1%" left="69.3mm" right="70.2mm" bottom="37.6mm" top="38.4mm" width="0.9mm" height="0.8mm">
    <NearbyComponent name="C44" edgeDistance="0mm" overlapDepth="0.8mm" directions="left,right,bottom,top" regionWithinComponent left="69.3mm" right="70.2mm" bottom="36.2mm" top="38.4mm" />
    <NearbyComponent name="R64" edgeDistance="3.258mm" directions="left" freeSpaceOnLeft=">5.0mm" freeSpaceAbove=">5.0mm" freeSpaceBelow="4.8mm" left="65.2mm" right="66.1mm" bottom="36.1mm" top="38.5mm" />
    <NearbyComponent name="Q5" edgeDistance="4.704mm" directions="top" freeSpaceOnLeft=">5.0mm" freeSpaceOnRight=">5.0mm" freeSpaceAbove=">5.0mm" left="66.8mm" right="70.2mm" bottom="43.1mm" top="45.5mm" />
</CongestedRegion>

<CongestedRegion probabilityOfFailure="0.1%" left="-50.7mm" right="-49.9mm" bottom="-3.5mm" top="-2.6mm" width="0.8mm" height="0.9mm">
    <NearbyComponent name="C59" edgeDistance="0mm" overlapDepth="0.8mm" directions="left,right" freeSpaceAbove="4.3mm" freeSpaceBelow=">5.0mm" left="-50.7mm" right="-48.5mm" bottom="-3.5mm" top="-2.6mm" />
    <NearbyComponent name="NT1" edgeDistance="2.576mm" directions="left,bottom" freeSpaceOnLeft="3.6mm" freeSpaceBelow=">5.0mm" left="-53.4mm" right="-51.1mm" bottom="-6.9mm" top="-6.0mm" />
    <NearbyComponent name="U4" edgeDistance="4.338mm" directions="top" freeSpaceOnLeft=">5.0mm" freeSpaceOnRight=">5.0mm" freeSpaceAbove="4.3mm" left="-50.4mm" right="-48.7mm" bottom="1.8mm" top="4.4mm" />
</CongestedRegion>

<CongestedRegion probabilityOfFailure="0.1%" left="-49.3mm" right="-48.5mm" bottom="-3.5mm" top="-2.6mm" width="0.8mm" height="0.9mm">
    <NearbyComponent name="C59" edgeDistance="0mm" overlapDepth="0.8mm" directions="left,right" freeSpaceAbove="4.3mm" freeSpaceBelow=">5.0mm" left="-50.7mm" right="-48.5mm" bottom="-3.5mm" top="-2.6mm" />
    <NearbyComponent name="NT1" edgeDistance="3.137mm" directions="left,bottom" freeSpaceOnLeft="3.6mm" freeSpaceBelow=">5.0mm" left="-53.4mm" right="-51.1mm" bottom="-6.9mm" top="-6.0mm" />
    <NearbyComponent name="U4" edgeDistance="4.338mm" directions="top" freeSpaceOnLeft=">5.0mm" freeSpaceOnRight=">5.0mm" freeSpaceAbove="4.3mm" left="-50.4mm" right="-48.7mm" bottom="1.8mm" top="4.4mm" />
</CongestedRegion>

<CongestedRegion probabilityOfFailure="0.1%" left="-84.4mm" right="-83.6mm" bottom="-5.4mm" top="-4.5mm" width="0.8mm" height="0.9mm">
    <NearbyComponent name="C60" edgeDistance="0mm" overlapDepth="0.8mm" directions="left,bottom,top" freeSpaceOnLeft="4.0mm" left="-85.8mm" right="-83.6mm" bottom="-5.4mm" top="-4.5mm" />
    <NearbyComponent name="TP7" edgeDistance="2.201mm" directions="bottom" freeSpaceOnLeft="5.0mm" freeSpaceOnRight=">5.0mm" freeSpaceBelow=">5.0mm" left="-86.1mm" right="-82.7mm" bottom="-9.4mm" top="-7.6mm" />
    <NearbyComponent name="U8" edgeDistance="4.518mm" directions="bottom" freeSpaceOnLeft=">5.0mm" freeSpaceOnRight=">5.0mm" freeSpaceBelow="4.9mm" left="-85.5mm" right="-83.8mm" bottom="-12.6mm" top="-10.0mm" />
    <NearbyComponent name="TP23" edgeDistance="4.756mm" directions="right,top" freeSpaceOnRight=">5.0mm" freeSpaceAbove=">5.0mm" left="-79.7mm" right="-76.3mm" bottom="-1.7mm" top="0.0mm" />
</CongestedRegion>

<CongestedRegion probabilityOfFailure="0.1%" left="83.6mm" right="84.4mm" bottom="28.6mm" top="29.5mm" width="0.8mm" height="0.9mm">
    <NearbyComponent name="C68" edgeDistance="0mm" overlapDepth="0.8mm" directions="left,right,bottom,top" regionWithinComponent left="83.6mm" right="85.8mm" bottom="28.6mm" top="29.5mm" />
    <NearbyComponent name="Q9" edgeDistance="0mm" overlapDepth="0.8mm" directions="left,right,bottom,top" regionWithinComponent left="83.0mm" right="85.4mm" bottom="27.5mm" top="30.9mm" />
    <NearbyComponent name="TP1" edgeDistance="4.425mm" directions="right,bottom" freeSpaceOnRight=">5.0mm" freeSpaceBelow=">5.0mm" left="88.6mm" right="92.0mm" bottom="25.3mm" top="27.1mm" />
    <NearbyComponent name="R18" edgeDistance="4.588mm" directions="left" freeSpaceOnLeft="0.0mm" freeSpaceAbove="0.0mm" freeSpaceBelow="0.0mm" left="78.2mm" right="79.0mm" bottom="28.8mm" top="31.1mm" />
</CongestedRegion>

<CongestedRegion probabilityOfFailure="0.1%" left="85.0mm" right="85.8mm" bottom="28.6mm" top="29.5mm" width="0.8mm" height="0.9mm">
    <NearbyComponent name="C68" edgeDistance="0mm" overlapDepth="0.8mm" directions="left,bottom,top" freeSpaceOnLeft="0.0mm" left="83.6mm" right="85.8mm" bottom="28.6mm" top="29.5mm" />
    <NearbyComponent name="Q9" edgeDistance="0mm" overlapDepth="0.376mm" directions="left,bottom,top" freeSpaceOnLeft="0.0mm" left="83.0mm" right="85.4mm" bottom="27.5mm" top="30.9mm" />
    <NearbyComponent name="TP1" edgeDistance="3.144mm" directions="right,bottom" freeSpaceOnRight=">5.0mm" freeSpaceBelow=">5.0mm" left="88.6mm" right="92.0mm" bottom="25.3mm" top="27.1mm" />
    <NearbyComponent name="C63" edgeDistance="4.82mm" directions="right" freeSpaceOnRight=">5.0mm" freeSpaceAbove=">5.0mm" freeSpaceBelow=">5.0mm" left="90.6mm" right="92.8mm" bottom="28.6mm" top="29.5mm" />
</CongestedRegion>

<CongestedRegion probabilityOfFailure="0.1%" left="51.3mm" right="52.2mm" bottom="38.9mm" top="39.7mm" width="0.9mm" height="0.8mm">
    <NearbyComponent name="C72" edgeDistance="0mm" overlapDepth="0.8mm" directions="left,right,bottom,top" regionWithinComponent left="51.3mm" right="52.2mm" bottom="38.9mm" top="41.1mm" />
    <NearbyComponent name="U2" edgeDistance="2.086mm" directions="left" freeSpaceOnLeft="0.0mm" freeSpaceAbove="0.0mm" freeSpaceBelow="0.0mm" left="32.0mm" right="49.2mm" bottom="31.8mm" top="44.6mm" />
    <NearbyComponent name="R65" edgeDistance="3.438mm" directions="left" freeSpaceOnLeft="0.0mm" freeSpaceAbove="0.0mm" freeSpaceBelow="0.0mm" left="47.0mm" right="47.9mm" bottom="38.8mm" top="41.2mm" />
    <NearbyComponent name="U14" edgeDistance="4.475mm" directions="right" freeSpaceOnRight="4.1mm" freeSpaceAbove="4.3mm" freeSpaceBelow=">5.0mm" left="56.7mm" right="59.1mm" bottom="37.7mm" top="41.2mm" />
</CongestedRegion>

<CongestedRegion probabilityOfFailure="0.1%" left="51.3mm" right="52.2mm" bottom="40.3mm" top="41.1mm" width="0.9mm" height="0.8mm">
    <NearbyComponent name="C72" edgeDistance="0mm" overlapDepth="0.8mm" directions="left,right,bottom,top" regionWithinComponent left="51.3mm" right="52.2mm" bottom="38.9mm" top="41.1mm" />
    <NearbyComponent name="U2" edgeDistance="2.086mm" directions="left" freeSpaceOnLeft="0.0mm" freeSpaceAbove="0.0mm" freeSpaceBelow="0.0mm" left="32.0mm" right="49.2mm" bottom="31.8mm" top="44.6mm" />
    <NearbyComponent name="R65" edgeDistance="3.438mm" directions="left" freeSpaceOnLeft="0.0mm" freeSpaceAbove="0.0mm" freeSpaceBelow="0.0mm" left="47.0mm" right="47.9mm" bottom="38.8mm" top="41.2mm" />
    <NearbyComponent name="U14" edgeDistance="4.475mm" directions="right" freeSpaceOnRight="4.1mm" freeSpaceAbove="4.3mm" freeSpaceBelow=">5.0mm" left="56.7mm" right="59.1mm" bottom="37.7mm" top="41.2mm" />
</CongestedRegion>

<CongestedRegion probabilityOfFailure="0.1%" left="-73.5mm" right="-72.7mm" bottom="-20.9mm" top="-20.0mm" width="0.8mm" height="0.9mm">
    <NearbyComponent name="C80" edgeDistance="0mm" overlapDepth="0.8mm" directions="left,right,bottom,top" regionWithinComponent left="-73.5mm" right="-71.3mm" bottom="-20.9mm" top="-20.0mm" />
    <NearbyComponent name="SW_START" edgeDistance="1.861mm" directions="left,bottom" freeSpaceOnLeft="0.5mm" freeSpaceBelow=">5.0mm" left="-80.6mm" right="-73.6mm" bottom="-29.0mm" top="-22.8mm" />
</CongestedRegion>

<CongestedRegion probabilityOfFailure="0.1%" left="-106.9mm" right="-106.0mm" bottom="-26.4mm" top="-25.4mm" width="0.9mm" height="1.0mm">
    <NearbyComponent name="R9" edgeDistance="0mm" overlapDepth="0.806mm" directions="left,right,bottom" freeSpaceBelow="0.0mm" left="-106.9mm" right="-106.0mm" bottom="-27.9mm" top="-25.6mm" />
    <NearbyComponent name="D2" edgeDistance="0mm" overlapDepth="0.385mm" directions="bottom,top" freeSpaceOnLeft="0.0mm" freeSpaceOnRight="0.0mm" left="-106.6mm" right="-106.3mm" bottom="-28.5mm" top="-25.4mm" />
    <NearbyComponent name="TP19" edgeDistance="2.06mm" directions="top" freeSpaceOnLeft=">5.0mm" freeSpaceOnRight=">5.0mm" freeSpaceAbove=">5.0mm" left="-108.2mm" right="-104.7mm" bottom="-23.3mm" top="-21.6mm" />
    <NearbyComponent name="TP26" edgeDistance="4.32mm" directions="bottom" freeSpaceOnLeft=">5.0mm" freeSpaceOnRight="2.8mm" freeSpaceBelow="1.2mm" left="-108.2mm" right="-104.7mm" bottom="-32.5mm" top="-30.7mm" />
</CongestedRegion>

<CongestedRegion probabilityOfFailure="0.1%" left="-106.6mm" right="-106.3mm" bottom="-28.5mm" top="-27.8mm" width="0.4mm" height="0.7mm">
    <NearbyComponent name="D2" edgeDistance="0mm" overlapDepth="0.385mm" directions="left,right,bottom,top" regionWithinComponent left="-106.6mm" right="-106.3mm" bottom="-28.5mm" top="-25.4mm" />
    <NearbyComponent name="R9" edgeDistance="0mm" overlapDepth="0.157mm" directions="left,right,top" freeSpaceAbove="0.0mm" left="-106.9mm" right="-106.0mm" bottom="-27.9mm" top="-25.6mm" />
    <NearbyComponent name="TP26" edgeDistance="2.24mm" directions="bottom" freeSpaceOnLeft=">5.0mm" freeSpaceOnRight="2.8mm" freeSpaceBelow="1.2mm" left="-108.2mm" right="-104.7mm" bottom="-32.5mm" top="-30.7mm" />
    <NearbyComponent name="TP19" edgeDistance="4.43mm" directions="top" freeSpaceOnLeft=">5.0mm" freeSpaceOnRight=">5.0mm" freeSpaceAbove=">5.0mm" left="-108.2mm" right="-104.7mm" bottom="-23.3mm" top="-21.6mm" />
    <NearbyComponent name="U3" edgeDistance="4.48mm" directions="right,bottom" freeSpaceOnRight="4.7mm" freeSpaceBelow="4.1mm" left="-101.9mm" right="-98.7mm" bottom="-32.2mm" top="-29.7mm" />
</CongestedRegion>

<CongestedRegion probabilityOfFailure="0.1%" left="-53.4mm" right="-52.6mm" bottom="-6.9mm" top="-6.0mm" width="0.8mm" height="0.9mm">
    <NearbyComponent name="NT1" edgeDistance="0mm" overlapDepth="0.806mm" directions="left,right" freeSpaceAbove=">5.0mm" freeSpaceBelow=">5.0mm" left="-53.4mm" right="-51.1mm" bottom="-6.9mm" top="-6.0mm" />
    <NearbyComponent name="C59" edgeDistance="3.201mm" directions="right,top" freeSpaceOnRight=">5.0mm" freeSpaceAbove="4.3mm" left="-50.7mm" right="-48.5mm" bottom="-3.5mm" top="-2.6mm" />
    <NearbyComponent name="TP16" edgeDistance="3.608mm" directions="left" freeSpaceOnLeft=">5.0mm" freeSpaceAbove=">5.0mm" freeSpaceBelow=">5.0mm" left="-60.5mm" right="-57.0mm" bottom="-6.8mm" top="-5.0mm" />
</CongestedRegion>

<CongestedRegion probabilityOfFailure="0.1%" left="-84.6mm" right="-83.6mm" bottom="-22.9mm" top="-22.3mm" width="1.1mm" height="0.6mm">
    <NearbyComponent name="Q1" edgeDistance="0mm" overlapDepth="0.6mm" directions="left,right,bottom,top" regionWithinComponent left="-84.6mm" right="-81.1mm" bottom="-24.8mm" top="-22.3mm" />
    <NearbyComponent name="SW_START" edgeDistance="2.96mm" directions="right" freeSpaceOnRight=">5.0mm" freeSpaceAbove=">5.0mm" freeSpaceBelow=">5.0mm" left="-80.6mm" right="-73.6mm" bottom="-29.0mm" top="-22.8mm" />
    <NearbyComponent name="TP17" edgeDistance="3.542mm" directions="left,bottom" freeSpaceOnLeft=">5.0mm" freeSpaceBelow=">5.0mm" left="-88.2mm" right="-84.8mm" bottom="-28.2mm" top="-26.4mm" />
    <NearbyComponent name="C2" edgeDistance="3.88mm" directions="top" freeSpaceOnLeft=">5.0mm" freeSpaceOnRight=">5.0mm" freeSpaceAbove="4.9mm" left="-85.8mm" right="-83.6mm" bottom="-18.4mm" top="-17.5mm" />
    <NearbyComponent name="R15" edgeDistance="4.278mm" directions="left" freeSpaceOnLeft="1.7mm" freeSpaceAbove=">5.0mm" freeSpaceBelow=">5.0mm" left="-89.8mm" right="-88.9mm" bottom="-24.7mm" top="-22.4mm" />
</CongestedRegion>

<CongestedRegion probabilityOfFailure="0.1%" left="-92.1mm" right="-91.5mm" bottom="-32.1mm" top="-31.1mm" width="0.7mm" height="1.0mm">
    <NearbyComponent name="Q3" edgeDistance="0mm" overlapDepth="0.65mm" directions="left,right,bottom,top" regionWithinComponent left="-94.0mm" right="-91.5mm" bottom="-32.1mm" top="-29.1mm" />
    <NearbyComponent name="R16" edgeDistance="4.188mm" directions="bottom" freeSpaceOnLeft="4.2mm" freeSpaceOnRight=">5.0mm" freeSpaceBelow=">5.0mm" left="-93.9mm" right="-91.6mm" bottom="-37.1mm" top="-36.2mm" />
    <NearbyComponent name="TP17" edgeDistance="4.368mm" directions="right,top" freeSpaceOnRight="4.1mm" freeSpaceAbove=">5.0mm" left="-88.2mm" right="-84.8mm" bottom="-28.2mm" top="-26.4mm" />
</CongestedRegion>

<CongestedRegion probabilityOfFailure="0.1%" left="-93.1mm" right="-92.4mm" bottom="-30.1mm" top="-29.1mm" width="0.7mm" height="1.0mm">
    <NearbyComponent name="Q3" edgeDistance="0mm" overlapDepth="0.65mm" directions="left,right,bottom" freeSpaceBelow="4.2mm" left="-94.0mm" right="-91.5mm" bottom="-32.1mm" top="-29.1mm" />
    <NearbyComponent name="R12" edgeDistance="4.008mm" directions="top" freeSpaceOnLeft="0.4mm" freeSpaceOnRight=">5.0mm" freeSpaceAbove=">5.0mm" left="-93.7mm" right="-91.4mm" bottom="-25.0mm" top="-24.2mm" />
    <NearbyComponent name="TP17" edgeDistance="4.344mm" directions="right,top" freeSpaceOnRight="4.1mm" freeSpaceAbove=">5.0mm" left="-88.2mm" right="-84.8mm" bottom="-28.2mm" top="-26.4mm" />
    <NearbyComponent name="Q10" edgeDistance="4.43mm" directions="left,top" freeSpaceOnLeft=">5.0mm" freeSpaceAbove=">5.0mm" left="-97.5mm" right="-94.1mm" bottom="-24.8mm" top="-22.3mm" />
</CongestedRegion>

<CongestedRegion probabilityOfFailure="0.1%" left="66.8mm" right="67.9mm" bottom="44.1mm" top="44.6mm" width="1.1mm" height="0.5mm">
    <NearbyComponent name="Q5" edgeDistance="0mm" overlapDepth="0.532mm" directions="left,right,bottom,top" regionWithinComponent left="66.8mm" right="70.2mm" bottom="43.1mm" top="45.5mm" />
    <NearbyComponent name="C8" edgeDistance="3.412mm" directions="left,bottom" freeSpaceOnLeft="4.1mm" freeSpaceBelow=">5.0mm" left="63.2mm" right="64.1mm" bottom="39.8mm" top="42.0mm" />
</CongestedRegion>

<CongestedRegion probabilityOfFailure="0.1%" left="66.8mm" right="67.9mm" bottom="45.0mm" top="45.5mm" width="1.1mm" height="0.5mm">
    <NearbyComponent name="Q5" edgeDistance="0mm" overlapDepth="0.532mm" directions="left,right,bottom,top" regionWithinComponent left="66.8mm" right="70.2mm" bottom="43.1mm" top="45.5mm" />
    <NearbyComponent name="C8" edgeDistance="4.056mm" directions="left,bottom" freeSpaceOnLeft="4.1mm" freeSpaceBelow=">5.0mm" left="63.2mm" right="64.1mm" bottom="39.8mm" top="42.0mm" />
</CongestedRegion>

<CongestedRegion probabilityOfFailure="0.1%" left="69.1mm" right="70.2mm" bottom="44.1mm" top="44.6mm" width="1.1mm" height="0.5mm">
    <NearbyComponent name="Q5" edgeDistance="0mm" overlapDepth="0.532mm" directions="left,right,bottom,top" regionWithinComponent left="66.8mm" right="70.2mm" bottom="43.1mm" top="45.5mm" />
</CongestedRegion>

<CongestedRegion probabilityOfFailure="0.1%" left="69.1mm" right="70.2mm" bottom="43.1mm" top="43.6mm" width="1.1mm" height="0.5mm">
    <NearbyComponent name="Q5" edgeDistance="0mm" overlapDepth="0.532mm" directions="left,right,bottom,top" regionWithinComponent left="66.8mm" right="70.2mm" bottom="43.1mm" top="45.5mm" />
    <NearbyComponent name="C44" edgeDistance="4.704mm" directions="bottom" freeSpaceOnLeft="3.3mm" freeSpaceOnRight=">5.0mm" freeSpaceBelow=">5.0mm" left="69.3mm" right="70.2mm" bottom="36.2mm" top="38.4mm" />
</CongestedRegion>

<CongestedRegion probabilityOfFailure="0.1%" left="83.9mm" right="84.4mm" bottom="27.5mm" top="28.6mm" width="0.5mm" height="1.1mm">
    <NearbyComponent name="Q9" edgeDistance="0mm" overlapDepth="0.532mm" directions="left,right,bottom,top" regionWithinComponent left="83.0mm" right="85.4mm" bottom="27.5mm" top="30.9mm" />
    <NearbyComponent name="C68" edgeDistance="0mm" overlapDepth="0.017mm" directions="left,right,top" freeSpaceAbove="0.0mm" left="83.6mm" right="85.8mm" bottom="28.6mm" top="29.5mm" />
    <NearbyComponent name="TP1" edgeDistance="4.16mm" directions="right,bottom" freeSpaceOnRight=">5.0mm" freeSpaceBelow=">5.0mm" left="88.6mm" right="92.0mm" bottom="25.3mm" top="27.1mm" />
    <NearbyComponent name="R18" edgeDistance="4.885mm" directions="left,top" freeSpaceOnLeft="0.0mm" freeSpaceAbove="0.0mm" left="78.2mm" right="79.0mm" bottom="28.8mm" top="31.1mm" />
</CongestedRegion>

<CongestedRegion probabilityOfFailure="0.1%" left="83.0mm" right="83.5mm" bottom="29.8mm" top="30.9mm" width="0.5mm" height="1.1mm">
    <NearbyComponent name="Q9" edgeDistance="0mm" overlapDepth="0.532mm" directions="left,right,bottom,top" regionWithinComponent left="83.0mm" right="85.4mm" bottom="27.5mm" top="30.9mm" />
    <NearbyComponent name="C68" edgeDistance="0.365mm" directions="right,bottom" freeSpaceOnRight="0.0mm" freeSpaceBelow="0.0mm" left="83.6mm" right="85.8mm" bottom="28.6mm" top="29.5mm" />
    <NearbyComponent name="R18" edgeDistance="3.932mm" directions="left" freeSpaceOnLeft="0.0mm" freeSpaceAbove="0.0mm" freeSpaceBelow="0.0mm" left="78.2mm" right="79.0mm" bottom="28.8mm" top="31.1mm" />
    <NearbyComponent name="C10" edgeDistance="4.537mm" directions="left,bottom" freeSpaceOnLeft="0.0mm" freeSpaceBelow="0.0mm" left="76.2mm" right="78.4mm" bottom="28.6mm" top="29.5mm" />
</CongestedRegion>

<CongestedRegion probabilityOfFailure="0.1%" left="-97.5mm" right="-96.4mm" bottom="-23.8mm" top="-23.3mm" width="1.1mm" height="0.5mm">
    <NearbyComponent name="Q10" edgeDistance="0mm" overlapDepth="0.532mm" directions="left,right,bottom,top" regionWithinComponent left="-97.5mm" right="-94.1mm" bottom="-24.8mm" top="-22.3mm" />
    <NearbyComponent name="R11" edgeDistance="1.245mm" directions="left,bottom" freeSpaceOnLeft=">5.0mm" freeSpaceBelow="3.9mm" left="-100.4mm" right="-98.1mm" bottom="-25.8mm" top="-24.9mm" />
    <NearbyComponent name="R12" edgeDistance="2.723mm" directions="right,bottom" freeSpaceOnRight=">5.0mm" freeSpaceBelow="4.0mm" left="-93.7mm" right="-91.4mm" bottom="-25.0mm" top="-24.2mm" />
    <NearbyComponent name="TP24" edgeDistance="3.17mm" directions="left,top" freeSpaceOnLeft=">5.0mm" freeSpaceAbove="2.7mm" left="-101.1mm" right="-97.7mm" bottom="-20.1mm" top="-18.3mm" />
</CongestedRegion>

<CongestedRegion probabilityOfFailure="0.1%" left="-95.2mm" right="-94.1mm" bottom="-23.8mm" top="-23.3mm" width="1.1mm" height="0.5mm">
    <NearbyComponent name="Q10" edgeDistance="0mm" overlapDepth="0.532mm" directions="left,right,bottom,top" regionWithinComponent left="-97.5mm" right="-94.1mm" bottom="-24.8mm" top="-22.3mm" />
    <NearbyComponent name="R12" edgeDistance="0.552mm" directions="right,bottom" freeSpaceOnRight=">5.0mm" freeSpaceBelow="4.0mm" left="-93.7mm" right="-91.4mm" bottom="-25.0mm" top="-24.2mm" />
    <NearbyComponent name="R11" edgeDistance="3.08mm" directions="left,bottom" freeSpaceOnLeft=">5.0mm" freeSpaceBelow="3.9mm" left="-100.4mm" right="-98.1mm" bottom="-25.8mm" top="-24.9mm" />
    <NearbyComponent name="TP24" edgeDistance="4.031mm" directions="left,top" freeSpaceOnLeft=">5.0mm" freeSpaceAbove="2.7mm" left="-101.1mm" right="-97.7mm" bottom="-20.1mm" top="-18.3mm" />
    <NearbyComponent name="R15" edgeDistance="4.363mm" directions="right" freeSpaceOnRight="4.3mm" freeSpaceAbove=">5.0mm" freeSpaceBelow=">5.0mm" left="-89.8mm" right="-88.9mm" bottom="-24.7mm" top="-22.4mm" />
</CongestedRegion>

<CongestedRegion probabilityOfFailure="0.1%" left="-95.2mm" right="-94.1mm" bottom="-24.8mm" top="-24.2mm" width="1.1mm" height="0.5mm">
    <NearbyComponent name="Q10" edgeDistance="0mm" overlapDepth="0.532mm" directions="left,right,top" freeSpaceAbove=">5.0mm" left="-97.5mm" right="-94.1mm" bottom="-24.8mm" top="-22.3mm" />
    <NearbyComponent name="R12" edgeDistance="0.398mm" directions="right" freeSpaceOnRight=">5.0mm" freeSpaceAbove=">5.0mm" freeSpaceBelow="4.0mm" left="-93.7mm" right="-91.4mm" bottom="-25.0mm" top="-24.2mm" />
    <NearbyComponent name="R11" edgeDistance="2.881mm" directions="left,bottom" freeSpaceOnLeft=">5.0mm" freeSpaceBelow="3.9mm" left="-100.4mm" right="-98.1mm" bottom="-25.8mm" top="-24.9mm" />
    <NearbyComponent name="Q3" edgeDistance="4.305mm" directions="right,bottom" freeSpaceOnRight=">5.0mm" freeSpaceBelow="4.2mm" left="-94.0mm" right="-91.5mm" bottom="-32.1mm" top="-29.1mm" />
    <NearbyComponent name="R15" edgeDistance="4.363mm" directions="right" freeSpaceOnRight="4.3mm" freeSpaceAbove=">5.0mm" freeSpaceBelow=">5.0mm" left="-89.8mm" right="-88.9mm" bottom="-24.7mm" top="-22.4mm" />
    <NearbyComponent name="TP24" edgeDistance="4.813mm" directions="left,top" freeSpaceOnLeft=">5.0mm" freeSpaceAbove="2.7mm" left="-101.1mm" right="-97.7mm" bottom="-20.1mm" top="-18.3mm" />
</CongestedRegion>

<CongestedRegion probabilityOfFailure="0.1%" left="76.7mm" right="77.5mm" bottom="23.9mm" top="24.8mm" width="0.8mm" height="0.9mm">
    <NearbyComponent name="R4" edgeDistance="0mm" overlapDepth="0.806mm" directions="left,right,bottom,top" regionWithinComponent left="76.7mm" right="79.0mm" bottom="23.9mm" top="24.8mm" />
    <NearbyComponent name="C10" edgeDistance="3.798mm" directions="top" freeSpaceOnLeft="0.0mm" freeSpaceOnRight="0.0mm" freeSpaceAbove="0.0mm" left="76.2mm" right="78.4mm" bottom="28.6mm" top="29.5mm" />
    <NearbyComponent name="R18" edgeDistance="4.042mm" directions="right,top" freeSpaceOnRight="0.0mm" freeSpaceAbove="0.0mm" left="78.2mm" right="79.0mm" bottom="28.8mm" top="31.1mm" />
    <NearbyComponent name="R3" edgeDistance="4.527mm" directions="left" freeSpaceOnLeft=">5.0mm" freeSpaceAbove="3.9mm" freeSpaceBelow=">5.0mm" left="69.9mm" right="72.2mm" bottom="23.9mm" top="24.8mm" />
    <NearbyComponent name="U9" edgeDistance="4.543mm" directions="bottom" freeSpaceOnLeft="3.7mm" freeSpaceOnRight="3.5mm" freeSpaceBelow="5.0mm" left="74.9mm" right="77.3mm" bottom="16.0mm" top="19.4mm" />
    <NearbyComponent name="U10" edgeDistance="4.813mm" directions="left,top" freeSpaceOnLeft="3.5mm" freeSpaceAbove=">5.0mm" left="70.7mm" right="73.9mm" bottom="28.7mm" top="31.2mm" />
</CongestedRegion>

<CongestedRegion probabilityOfFailure="0.1%" left="-90.7mm" right="-89.8mm" bottom="-7.6mm" top="-6.8mm" width="0.9mm" height="0.8mm">
    <NearbyComponent name="R8" edgeDistance="0mm" overlapDepth="0.806mm" directions="left,right,bottom,top" regionWithinComponent left="-90.7mm" right="-89.8mm" bottom="-7.6mm" top="-5.3mm" />
    <NearbyComponent name="SW_DOWN" edgeDistance="0.388mm" directions="left" freeSpaceOnLeft="0.0mm" freeSpaceAbove="0.0mm" freeSpaceBelow="0.0mm" left="-98.1mm" right="-91.1mm" bottom="-9.1mm" top="-2.9mm" />
    <NearbyComponent name="C78" edgeDistance="3.708mm" directions="left" freeSpaceOnLeft="0.0mm" freeSpaceAbove="0.0mm" freeSpaceBelow="0.0mm" left="-95.3mm" right="-94.4mm" bottom="-7.5mm" top="-5.3mm" />
    <NearbyComponent name="TP7" edgeDistance="3.724mm" directions="right,bottom" freeSpaceOnRight=">5.0mm" freeSpaceBelow=">5.0mm" left="-86.1mm" right="-82.7mm" bottom="-9.4mm" top="-7.6mm" />
    <NearbyComponent name="TP30" edgeDistance="3.754mm" directions="left,bottom" freeSpaceOnLeft=">5.0mm" freeSpaceBelow=">5.0mm" left="-94.7mm" right="-91.2mm" bottom="-13.1mm" top="-11.3mm" />
    <NearbyComponent name="C60" edgeDistance="4.264mm" directions="right,top" freeSpaceOnRight=">5.0mm" freeSpaceAbove=">5.0mm" left="-85.8mm" right="-83.6mm" bottom="-5.4mm" top="-4.5mm" />
    <NearbyComponent name="U8" edgeDistance="4.925mm" directions="right,bottom" freeSpaceOnRight=">5.0mm" freeSpaceBelow="4.9mm" left="-85.5mm" right="-83.8mm" bottom="-12.6mm" top="-10.0mm" />
</CongestedRegion>

<CongestedRegion probabilityOfFailure="0.1%" left="58.5mm" right="59.4mm" bottom="52.1mm" top="52.9mm" width="0.9mm" height="0.8mm">
    <NearbyComponent name="R10" edgeDistance="0mm" overlapDepth="0.806mm" directions="left,right,bottom,top" regionWithinComponent left="58.5mm" right="59.4mm" bottom="50.5mm" top="52.9mm" />
    <NearbyComponent name="JP3" edgeDistance="3.362mm" directions="left,top" freeSpaceOnLeft="3.6mm" freeSpaceAbove=">5.0mm" left="50.8mm" right="55.3mm" bottom="53.8mm" top="55.8mm" />
    <NearbyComponent name="R25" edgeDistance="3.816mm" directions="right" freeSpaceOnRight=">5.0mm" freeSpaceAbove=">5.0mm" freeSpaceBelow=">5.0mm" left="63.2mm" right="64.1mm" bottom="50.5mm" top="52.9mm" />
</CongestedRegion>

<CongestedRegion probabilityOfFailure="0.1%" left="-100.4mm" right="-99.6mm" bottom="-25.8mm" top="-24.9mm" width="0.8mm" height="0.9mm">
    <NearbyComponent name="R11" edgeDistance="0mm" overlapDepth="0.806mm" directions="right,bottom,top" freeSpaceOnRight="4.3mm" left="-100.4mm" right="-98.1mm" bottom="-25.8mm" top="-24.9mm" />
    <NearbyComponent name="Q10" edgeDistance="2.091mm" directions="right,top" freeSpaceOnRight="0.4mm" freeSpaceAbove=">5.0mm" left="-97.5mm" right="-94.1mm" bottom="-24.8mm" top="-22.3mm" />
    <NearbyComponent name="U3" edgeDistance="3.898mm" directions="bottom" freeSpaceOnLeft="2.8mm" freeSpaceOnRight="4.7mm" freeSpaceBelow="4.1mm" left="-101.9mm" right="-98.7mm" bottom="-32.2mm" top="-29.7mm" />
    <NearbyComponent name="TP19" edgeDistance="4.6mm" directions="left,top" freeSpaceOnLeft=">5.0mm" freeSpaceAbove=">5.0mm" left="-108.2mm" right="-104.7mm" bottom="-23.3mm" top="-21.6mm" />
    <NearbyComponent name="TP24" edgeDistance="4.798mm" directions="top" freeSpaceOnLeft=">5.0mm" freeSpaceOnRight=">5.0mm" freeSpaceAbove="2.7mm" left="-101.1mm" right="-97.7mm" bottom="-20.1mm" top="-18.3mm" />
</CongestedRegion>

<CongestedRegion probabilityOfFailure="0.1%" left="-98.9mm" right="-98.1mm" bottom="-25.8mm" top="-24.9mm" width="0.8mm" height="0.9mm">
    <NearbyComponent name="R11" edgeDistance="0mm" overlapDepth="0.806mm" directions="left,right,bottom,top" regionWithinComponent left="-100.4mm" right="-98.1mm" bottom="-25.8mm" top="-24.9mm" />
    <NearbyComponent name="Q10" edgeDistance="0.598mm" directions="right,top" freeSpaceOnRight="0.4mm" freeSpaceAbove=">5.0mm" left="-97.5mm" right="-94.1mm" bottom="-24.8mm" top="-22.3mm" />
    <NearbyComponent name="U3" edgeDistance="3.898mm" directions="bottom" freeSpaceOnLeft="2.8mm" freeSpaceOnRight="4.7mm" freeSpaceBelow="4.1mm" left="-101.9mm" right="-98.7mm" bottom="-32.2mm" top="-29.7mm" />
    <NearbyComponent name="R12" edgeDistance="4.347mm" directions="right" freeSpaceOnRight=">5.0mm" freeSpaceAbove=">5.0mm" freeSpaceBelow="4.0mm" left="-93.7mm" right="-91.4mm" bottom="-25.0mm" top="-24.2mm" />
    <NearbyComponent name="TP24" edgeDistance="4.798mm" directions="top" freeSpaceOnLeft=">5.0mm" freeSpaceOnRight=">5.0mm" freeSpaceAbove="2.7mm" left="-101.1mm" right="-97.7mm" bottom="-20.1mm" top="-18.3mm" />
</CongestedRegion>

<CongestedRegion probabilityOfFailure="0.1%" left="-92.5mm" right="-91.2mm" bottom="-25.0mm" top="-24.2mm" width="1.3mm" height="0.9mm">
    <NearbyComponent name="R12" edgeDistance="0mm" overlapDepth="0.864mm" directions="left,bottom,top" freeSpaceOnLeft="0.4mm" left="-93.7mm" right="-91.4mm" bottom="-25.0mm" top="-24.2mm" />
    <NearbyComponent name="R15" edgeDistance="1.399mm" directions="right" freeSpaceOnRight="4.3mm" freeSpaceAbove=">5.0mm" freeSpaceBelow=">5.0mm" left="-89.8mm" right="-88.9mm" bottom="-24.7mm" top="-22.4mm" />
    <NearbyComponent name="Q10" edgeDistance="1.619mm" directions="left" freeSpaceOnLeft=">5.0mm" freeSpaceAbove=">5.0mm" freeSpaceBelow=">5.0mm" left="-97.5mm" right="-94.1mm" bottom="-24.8mm" top="-22.3mm" />
    <NearbyComponent name="TP17" edgeDistance="3.298mm" directions="right,bottom" freeSpaceOnRight="4.1mm" freeSpaceBelow=">5.0mm" left="-88.2mm" right="-84.8mm" bottom="-28.2mm" top="-26.4mm" />
    <NearbyComponent name="Q3" edgeDistance="4.008mm" directions="bottom" freeSpaceOnLeft="4.7mm" freeSpaceOnRight=">5.0mm" freeSpaceBelow="4.2mm" left="-94.0mm" right="-91.5mm" bottom="-32.1mm" top="-29.1mm" />
</CongestedRegion>

<CongestedRegion probabilityOfFailure="0.1%" left="-93.7mm" right="-92.9mm" bottom="-25.0mm" top="-24.2mm" width="0.8mm" height="0.9mm">
    <NearbyComponent name="R12" edgeDistance="0mm" overlapDepth="0.806mm" directions="right,bottom,top" freeSpaceOnRight=">5.0mm" left="-93.7mm" right="-91.4mm" bottom="-25.0mm" top="-24.2mm" />
    <NearbyComponent name="Q10" edgeDistance="0.398mm" directions="left" freeSpaceOnLeft=">5.0mm" freeSpaceAbove=">5.0mm" freeSpaceBelow=">5.0mm" left="-97.5mm" right="-94.1mm" bottom="-24.8mm" top="-22.3mm" />
    <NearbyComponent name="R15" edgeDistance="3.158mm" directions="right" freeSpaceOnRight="4.3mm" freeSpaceAbove=">5.0mm" freeSpaceBelow=">5.0mm" left="-89.8mm" right="-88.9mm" bottom="-24.7mm" top="-22.4mm" />
    <NearbyComponent name="Q3" edgeDistance="4.008mm" directions="bottom" freeSpaceOnLeft="4.7mm" freeSpaceOnRight=">5.0mm" freeSpaceBelow="4.2mm" left="-94.0mm" right="-91.5mm" bottom="-32.1mm" top="-29.1mm" />
    <NearbyComponent name="R11" edgeDistance="4.347mm" directions="left" freeSpaceOnLeft=">5.0mm" freeSpaceAbove="4.8mm" freeSpaceBelow="3.9mm" left="-100.4mm" right="-98.1mm" bottom="-25.8mm" top="-24.9mm" />
    <NearbyComponent name="TP17" edgeDistance="4.951mm" directions="right,bottom" freeSpaceOnRight="4.1mm" freeSpaceBelow=">5.0mm" left="-88.2mm" right="-84.8mm" bottom="-28.2mm" top="-26.4mm" />
</CongestedRegion>

<CongestedRegion probabilityOfFailure="0.1%" left="-77.2mm" right="-76.3mm" bottom="-7.1mm" top="-6.3mm" width="0.9mm" height="0.8mm">
    <NearbyComponent name="R13" edgeDistance="0mm" overlapDepth="0.806mm" directions="left,right,bottom,top" regionWithinComponent left="-77.2mm" right="-76.3mm" bottom="-7.1mm" top="-4.8mm" />
    <NearbyComponent name="TP23" edgeDistance="4.59mm" directions="top" freeSpaceOnLeft=">5.0mm" freeSpaceOnRight=">5.0mm" freeSpaceAbove=">5.0mm" left="-79.7mm" right="-76.3mm" bottom="-1.7mm" top="0.0mm" />
</CongestedRegion>

<CongestedRegion probabilityOfFailure="0.1%" left="-77.2mm" right="-76.3mm" bottom="-5.6mm" top="-4.8mm" width="0.9mm" height="0.8mm">
    <NearbyComponent name="R13" edgeDistance="0mm" overlapDepth="0.806mm" directions="left,right,bottom,top" regionWithinComponent left="-77.2mm" right="-76.3mm" bottom="-7.1mm" top="-4.8mm" />
    <NearbyComponent name="TP23" edgeDistance="3.083mm" directions="top" freeSpaceOnLeft=">5.0mm" freeSpaceOnRight=">5.0mm" freeSpaceAbove=">5.0mm" left="-79.7mm" right="-76.3mm" bottom="-1.7mm" top="0.0mm" />
</CongestedRegion>

<CongestedRegion probabilityOfFailure="0.1%" left="-89.8mm" right="-88.9mm" bottom="-23.2mm" top="-22.4mm" width="0.9mm" height="0.8mm">
    <NearbyComponent name="R15" edgeDistance="0mm" overlapDepth="0.806mm" directions="left,right,bottom,top" regionWithinComponent left="-89.8mm" right="-88.9mm" bottom="-24.7mm" top="-22.4mm" />
    <NearbyComponent name="R12" edgeDistance="1.93mm" directions="left,bottom" freeSpaceOnLeft="0.4mm" freeSpaceBelow="4.0mm" left="-93.7mm" right="-91.4mm" bottom="-25.0mm" top="-24.2mm" />
    <NearbyComponent name="TP17" edgeDistance="3.322mm" directions="right,bottom" freeSpaceOnRight="4.1mm" freeSpaceBelow=">5.0mm" left="-88.2mm" right="-84.8mm" bottom="-28.2mm" top="-26.4mm" />
    <NearbyComponent name="Q1" edgeDistance="4.278mm" directions="right" freeSpaceOnRight="0.5mm" freeSpaceAbove="3.9mm" freeSpaceBelow=">5.0mm" left="-84.6mm" right="-81.1mm" bottom="-24.8mm" top="-22.3mm" />
    <NearbyComponent name="Q10" edgeDistance="4.363mm" directions="left" freeSpaceOnLeft=">5.0mm" freeSpaceAbove=">5.0mm" freeSpaceBelow=">5.0mm" left="-97.5mm" right="-94.1mm" bottom="-24.8mm" top="-22.3mm" />
    <NearbyComponent name="R24" edgeDistance="4.887mm" directions="left,top" freeSpaceOnLeft=">5.0mm" freeSpaceAbove=">5.0mm" left="-90.7mm" right="-89.8mm" bottom="-17.5mm" top="-15.2mm" />
</CongestedRegion>

<CongestedRegion probabilityOfFailure="0.1%" left="-93.9mm" right="-93.1mm" bottom="-37.1mm" top="-36.2mm" width="0.8mm" height="0.9mm">
    <NearbyComponent name="R16" edgeDistance="0mm" overlapDepth="0.806mm" directions="right,bottom,top" freeSpaceOnRight=">5.0mm" left="-93.9mm" right="-91.6mm" bottom="-37.1mm" top="-36.2mm" />
    <NearbyComponent name="R17" edgeDistance="4.167mm" directions="left" freeSpaceOnLeft=">5.0mm" freeSpaceAbove="4.1mm" freeSpaceBelow=">5.0mm" left="-100.4mm" right="-98.1mm" bottom="-37.1mm" top="-36.2mm" />
    <NearbyComponent name="Q3" edgeDistance="4.188mm" directions="top" freeSpaceOnLeft="4.7mm" freeSpaceOnRight=">5.0mm" freeSpaceAbove="4.0mm" left="-94.0mm" right="-91.5mm" bottom="-32.1mm" top="-29.1mm" />
    <NearbyComponent name="SW1" edgeDistance="4.49mm" directions="right,bottom" freeSpaceOnRight="0.0mm" freeSpaceBelow="0.0mm" left="-88.6mm" right="-80.3mm" bottom="-44.0mm" top="-37.3mm" />
</CongestedRegion>

<CongestedRegion probabilityOfFailure="0.1%" left="-100.4mm" right="-99.6mm" bottom="-37.1mm" top="-36.2mm" width="0.8mm" height="0.9mm">
    <NearbyComponent name="R17" edgeDistance="0mm" overlapDepth="0.806mm" directions="right,bottom,top" freeSpaceOnRight="4.2mm" left="-100.4mm" right="-98.1mm" bottom="-37.1mm" top="-36.2mm" />
    <NearbyComponent name="U3" edgeDistance="4.078mm" directions="top" freeSpaceOnLeft="2.8mm" freeSpaceOnRight="4.7mm" freeSpaceAbove="3.9mm" left="-101.9mm" right="-98.7mm" bottom="-32.2mm" top="-29.7mm" />
</CongestedRegion>

<CongestedRegion probabilityOfFailure="0.1%" left="78.2mm" right="79.0mm" bottom="28.8mm" top="29.6mm" width="0.9mm" height="0.8mm">
    <NearbyComponent name="R18" edgeDistance="0mm" overlapDepth="0.806mm" directions="left,right,bottom,top" regionWithinComponent left="78.2mm" right="79.0mm" bottom="28.8mm" top="31.1mm" />
    <NearbyComponent name="C10" edgeDistance="0mm" overlapDepth="0.272mm" directions="left,bottom" freeSpaceOnLeft="0.0mm" freeSpaceBelow="0.0mm" left="76.2mm" right="78.4mm" bottom="28.6mm" top="29.5mm" />
    <NearbyComponent name="Q9" edgeDistance="3.932mm" directions="right" freeSpaceOnRight="0.0mm" freeSpaceAbove="0.0mm" freeSpaceBelow="0.0mm" left="83.0mm" right="85.4mm" bottom="27.5mm" top="30.9mm" />
    <NearbyComponent name="R4" edgeDistance="3.991mm" directions="bottom" freeSpaceOnLeft="4.5mm" freeSpaceOnRight=">5.0mm" freeSpaceBelow="4.5mm" left="76.7mm" right="79.0mm" bottom="23.9mm" top="24.8mm" />
    <NearbyComponent name="U10" edgeDistance="4.268mm" directions="left" freeSpaceOnLeft="3.5mm" freeSpaceAbove=">5.0mm" freeSpaceBelow="3.9mm" left="70.7mm" right="73.9mm" bottom="28.7mm" top="31.2mm" />
    <NearbyComponent name="C68" edgeDistance="4.588mm" directions="right" freeSpaceOnRight="0.0mm" freeSpaceAbove="0.0mm" freeSpaceBelow="0.0mm" left="83.6mm" right="85.8mm" bottom="28.6mm" top="29.5mm" />
</CongestedRegion>

<CongestedRegion probabilityOfFailure="0.1%" left="-90.7mm" right="-89.8mm" bottom="-17.5mm" top="-16.7mm" width="0.9mm" height="0.8mm">
    <NearbyComponent name="R24" edgeDistance="0mm" overlapDepth="0.806mm" directions="left,right,bottom,top" regionWithinComponent left="-90.7mm" right="-89.8mm" bottom="-17.5mm" top="-15.2mm" />
    <NearbyComponent name="TP30" edgeDistance="3.642mm" directions="left,top" freeSpaceOnLeft=">5.0mm" freeSpaceAbove="2.2mm" left="-94.7mm" right="-91.2mm" bottom="-13.1mm" top="-11.3mm" />
    <NearbyComponent name="C2" edgeDistance="4.048mm" directions="right,bottom" freeSpaceOnRight=">5.0mm" freeSpaceBelow="3.9mm" left="-85.8mm" right="-83.6mm" bottom="-18.4mm" top="-17.5mm" />
    <NearbyComponent name="R15" edgeDistance="4.887mm" directions="right,bottom" freeSpaceOnRight="4.3mm" freeSpaceBelow=">5.0mm" left="-89.8mm" right="-88.9mm" bottom="-24.7mm" top="-22.4mm" />
</CongestedRegion>

<CongestedRegion probabilityOfFailure="0.1%" left="-90.7mm" right="-89.8mm" bottom="-16.0mm" top="-15.2mm" width="0.9mm" height="0.8mm">
    <NearbyComponent name="R24" edgeDistance="0mm" overlapDepth="0.806mm" directions="left,right,bottom,top" regionWithinComponent left="-90.7mm" right="-89.8mm" bottom="-17.5mm" top="-15.2mm" />
    <NearbyComponent name="TP30" edgeDistance="2.165mm" directions="left,top" freeSpaceOnLeft=">5.0mm" freeSpaceAbove="2.2mm" left="-94.7mm" right="-91.2mm" bottom="-13.1mm" top="-11.3mm" />
    <NearbyComponent name="C2" edgeDistance="4.324mm" directions="right,bottom" freeSpaceOnRight=">5.0mm" freeSpaceBelow="3.9mm" left="-85.8mm" right="-83.6mm" bottom="-18.4mm" top="-17.5mm" />
</CongestedRegion>

<CongestedRegion probabilityOfFailure="0.1%" left="67.5mm" right="68.3mm" bottom="24.2mm" top="25.0mm" width="0.8mm" height="0.9mm">
    <NearbyComponent name="R58" edgeDistance="0mm" overlapDepth="0.806mm" directions="left,right,bottom,top" regionWithinComponent left="67.5mm" right="69.8mm" bottom="24.2mm" top="25.0mm" />
    <NearbyComponent name="R3" edgeDistance="1.534mm" directions="right" freeSpaceOnRight="4.5mm" freeSpaceAbove="3.9mm" freeSpaceBelow=">5.0mm" left="69.9mm" right="72.2mm" bottom="23.9mm" top="24.8mm" />
    <NearbyComponent name="R63" edgeDistance="3.186mm" directions="bottom" freeSpaceOnLeft="3.8mm" freeSpaceOnRight=">5.0mm" freeSpaceBelow="2.5mm" left="67.5mm" right="69.8mm" bottom="20.1mm" top="21.0mm" />
    <NearbyComponent name="U17" edgeDistance="3.82mm" directions="left,top" freeSpaceOnLeft=">5.0mm" freeSpaceAbove="4.8mm" left="64.0mm" right="67.2mm" bottom="28.9mm" top="31.4mm" />
    <NearbyComponent name="C12" edgeDistance="3.944mm" directions="left,bottom" freeSpaceOnLeft=">5.0mm" freeSpaceBelow=">5.0mm" left="62.8mm" right="63.7mm" bottom="20.9mm" top="23.1mm" />
    <NearbyComponent name="U10" edgeDistance="4.323mm" directions="right,top" freeSpaceOnRight="2.3mm" freeSpaceAbove=">5.0mm" left="70.7mm" right="73.9mm" bottom="28.7mm" top="31.2mm" />
</CongestedRegion>

<CongestedRegion probabilityOfFailure="0.1%" left="69.0mm" right="69.8mm" bottom="24.2mm" top="25.0mm" width="0.8mm" height="0.9mm">
    <NearbyComponent name="R58" edgeDistance="0mm" overlapDepth="0.806mm" directions="left,right,bottom,top" regionWithinComponent left="67.5mm" right="69.8mm" bottom="24.2mm" top="25.0mm" />
    <NearbyComponent name="R3" edgeDistance="0.027mm" directions="right" freeSpaceOnRight="4.5mm" freeSpaceAbove="3.9mm" freeSpaceBelow=">5.0mm" left="69.9mm" right="72.2mm" bottom="23.9mm" top="24.8mm" />
    <NearbyComponent name="R63" edgeDistance="3.186mm" directions="bottom" freeSpaceOnLeft="3.8mm" freeSpaceOnRight=">5.0mm" freeSpaceBelow="2.5mm" left="67.5mm" right="69.8mm" bottom="20.1mm" top="21.0mm" />
    <NearbyComponent name="U10" edgeDistance="3.725mm" directions="right,top" freeSpaceOnRight="2.3mm" freeSpaceAbove=">5.0mm" left="70.7mm" right="73.9mm" bottom="28.7mm" top="31.2mm" />
    <NearbyComponent name="U17" edgeDistance="4.216mm" directions="left,top" freeSpaceOnLeft=">5.0mm" freeSpaceAbove="4.8mm" left="64.0mm" right="67.2mm" bottom="28.9mm" top="31.4mm" />
</CongestedRegion>

<CongestedRegion probabilityOfFailure="0.1%" left="-78.0mm" right="-77.2mm" bottom="19.7mm" top="20.5mm" width="0.8mm" height="0.9mm">
    <NearbyComponent name="R60" edgeDistance="0mm" overlapDepth="0.806mm" directions="right,bottom,top" freeSpaceOnRight=">5.0mm" left="-78.0mm" right="-75.7mm" bottom="19.7mm" top="20.5mm" />
    <NearbyComponent name="U5" edgeDistance="4.128mm" directions="bottom" freeSpaceOnLeft="4.4mm" freeSpaceOnRight="3.6mm" freeSpaceBelow="0.3mm" left="-78.0mm" right="-75.7mm" bottom="13.2mm" top="15.6mm" />
    <NearbyComponent name="C76" edgeDistance="4.498mm" directions="top" freeSpaceOnLeft=">5.0mm" freeSpaceOnRight=">5.0mm" freeSpaceAbove=">5.0mm" left="-78.6mm" right="-77.7mm" bottom="25.0mm" top="27.2mm" />
</CongestedRegion>

<CongestedRegion probabilityOfFailure="0.1%" left="-76.5mm" right="-75.7mm" bottom="19.7mm" top="20.5mm" width="0.8mm" height="0.9mm">
    <NearbyComponent name="R60" edgeDistance="0mm" overlapDepth="0.806mm" directions="left,right,bottom,top" regionWithinComponent left="-78.0mm" right="-75.7mm" bottom="19.7mm" top="20.5mm" />
    <NearbyComponent name="U5" edgeDistance="4.128mm" directions="bottom" freeSpaceOnLeft="4.4mm" freeSpaceOnRight="3.6mm" freeSpaceBelow="0.3mm" left="-78.0mm" right="-75.7mm" bottom="13.2mm" top="15.6mm" />
    <NearbyComponent name="C76" edgeDistance="4.668mm" directions="left,top" freeSpaceOnLeft=">5.0mm" freeSpaceAbove=">5.0mm" left="-78.6mm" right="-77.7mm" bottom="25.0mm" top="27.2mm" />
</CongestedRegion>

<CongestedRegion probabilityOfFailure="0.1%" left="65.2mm" right="66.1mm" bottom="36.1mm" top="37.0mm" width="0.9mm" height="0.8mm">
    <NearbyComponent name="R64" edgeDistance="0mm" overlapDepth="0.806mm" directions="left,right,bottom,top" regionWithinComponent left="65.2mm" right="66.1mm" bottom="36.1mm" top="38.5mm" />
    <NearbyComponent name="C8" edgeDistance="3.054mm" directions="left,top" freeSpaceOnLeft="4.1mm" freeSpaceAbove=">5.0mm" left="63.2mm" right="64.1mm" bottom="39.8mm" top="42.0mm" />
    <NearbyComponent name="C44" edgeDistance="3.258mm" directions="right" freeSpaceOnRight=">5.0mm" freeSpaceAbove="4.7mm" freeSpaceBelow=">5.0mm" left="69.3mm" right="70.2mm" bottom="36.2mm" top="38.4mm" />
    <NearbyComponent name="U17" edgeDistance="4.793mm" directions="bottom" freeSpaceOnLeft=">5.0mm" freeSpaceOnRight="3.5mm" freeSpaceBelow=">5.0mm" left="64.0mm" right="67.2mm" bottom="28.9mm" top="31.4mm" />
</CongestedRegion>

<CongestedRegion probabilityOfFailure="0.1%" left="65.2mm" right="66.1mm" bottom="37.7mm" top="38.5mm" width="0.9mm" height="0.8mm">
    <NearbyComponent name="R64" edgeDistance="0mm" overlapDepth="0.806mm" directions="left,right,bottom,top" regionWithinComponent left="65.2mm" right="66.1mm" bottom="36.1mm" top="38.5mm" />
    <NearbyComponent name="C8" edgeDistance="1.735mm" directions="left,top" freeSpaceOnLeft="4.1mm" freeSpaceAbove=">5.0mm" left="63.2mm" right="64.1mm" bottom="39.8mm" top="42.0mm" />
    <NearbyComponent name="C44" edgeDistance="3.258mm" directions="right" freeSpaceOnRight=">5.0mm" freeSpaceAbove="4.7mm" freeSpaceBelow=">5.0mm" left="69.3mm" right="70.2mm" bottom="36.2mm" top="38.4mm" />
    <NearbyComponent name="Q5" edgeDistance="4.71mm" directions="right,top" freeSpaceOnRight=">5.0mm" freeSpaceAbove=">5.0mm" left="66.8mm" right="70.2mm" bottom="43.1mm" top="45.5mm" />
</CongestedRegion>

<CongestedRegion probabilityOfFailure="0.1%" left="47.0mm" right="47.9mm" bottom="40.4mm" top="41.2mm" width="0.9mm" height="0.8mm">
    <NearbyComponent name="R65" edgeDistance="0mm" overlapDepth="0.806mm" directions="left,right,bottom,top" regionWithinComponent left="47.0mm" right="47.9mm" bottom="38.8mm" top="41.2mm" />
    <NearbyComponent name="U2" edgeDistance="0mm" overlapDepth="0.806mm" directions="left,right,bottom,top" regionWithinComponent left="32.0mm" right="49.2mm" bottom="31.8mm" top="44.6mm" />
    <NearbyComponent name="C72" edgeDistance="3.438mm" directions="right" freeSpaceOnRight="4.5mm" freeSpaceAbove=">5.0mm" freeSpaceBelow=">5.0mm" left="51.3mm" right="52.2mm" bottom="38.9mm" top="41.1mm" />
    <NearbyComponent name="R35" edgeDistance="3.456mm" directions="left" freeSpaceOnLeft="0.0mm" freeSpaceAbove="0.0mm" freeSpaceBelow="0.0mm" left="42.7mm" right="43.6mm" bottom="41.0mm" top="43.3mm" />
</CongestedRegion>

<CongestedRegion probabilityOfFailure="0.1%" left="58.5mm" right="59.3mm" bottom="45.5mm" top="46.4mm" width="0.8mm" height="0.9mm">
    <NearbyComponent name="R66" edgeDistance="0mm" overlapDepth="0.806mm" directions="left,right,bottom,top" regionWithinComponent left="58.5mm" right="60.8mm" bottom="45.5mm" top="46.4mm" />
    <NearbyComponent name="R10" edgeDistance="4.171mm" directions="top" freeSpaceOnLeft=">5.0mm" freeSpaceOnRight="3.8mm" freeSpaceAbove=">5.0mm" left="58.5mm" right="59.4mm" bottom="50.5mm" top="52.9mm" />
    <NearbyComponent name="U14" edgeDistance="4.311mm" directions="bottom" freeSpaceOnLeft="4.5mm" freeSpaceOnRight="4.1mm" freeSpaceBelow=">5.0mm" left="56.7mm" right="59.1mm" bottom="37.7mm" top="41.2mm" />
</CongestedRegion>

<CongestedRegion probabilityOfFailure="0.1%" left="-61.5mm" right="-60.7mm" bottom="7.1mm" top="7.9mm" width="0.8mm" height="0.9mm">
    <NearbyComponent name="R72" edgeDistance="0mm" overlapDepth="0.806mm" directions="left,right" freeSpaceAbove=">5.0mm" freeSpaceBelow="3.6mm" left="-63.0mm" right="-60.7mm" bottom="7.1mm" top="7.9mm" />
    <NearbyComponent name="C42" edgeDistance="3.623mm" directions="bottom" freeSpaceOnLeft="3.5mm" freeSpaceOnRight=">5.0mm" freeSpaceBelow=">5.0mm" left="-62.5mm" right="-61.1mm" bottom="0.1mm" top="3.5mm" />
    <NearbyComponent name="TP3" edgeDistance="4.945mm" directions="left,bottom" freeSpaceOnLeft=">5.0mm" freeSpaceBelow=">5.0mm" left="-69.4mm" right="-66.0mm" bottom="3.3mm" top="5.1mm" />
</CongestedRegion>

<CongestedRegion probabilityOfFailure="0.1%" left="-68.9mm" right="-68.1mm" bottom="7.1mm" top="7.9mm" width="0.8mm" height="0.9mm">
    <NearbyComponent name="R73" edgeDistance="0mm" overlapDepth="0.806mm" directions="left,right" freeSpaceAbove="4.7mm" freeSpaceBelow="2.0mm" left="-70.4mm" right="-68.1mm" bottom="7.1mm" top="7.9mm" />
    <NearbyComponent name="TP3" edgeDistance="1.958mm" directions="bottom" freeSpaceOnLeft=">5.0mm" freeSpaceOnRight="3.5mm" freeSpaceBelow=">5.0mm" left="-69.4mm" right="-66.0mm" bottom="3.3mm" top="5.1mm" />
    <NearbyComponent name="U13" edgeDistance="4.128mm" directions="bottom" freeSpaceOnLeft="4.4mm" freeSpaceOnRight="4.7mm" freeSpaceBelow="3.7mm" left="-69.4mm" right="-67.1mm" bottom="0.6mm" top="3.0mm" />
    <NearbyComponent name="C21" edgeDistance="4.738mm" directions="left,top" freeSpaceOnLeft="0.0mm" freeSpaceAbove="0.0mm" left="-70.9mm" right="-69.5mm" bottom="12.7mm" top="16.1mm" />
</CongestedRegion>

<CongestedRegion probabilityOfFailure="0.1%" left="-101.9mm" right="-100.9mm" bottom="-32.2mm" top="-31.6mm" width="1.0mm" height="0.6mm">
    <NearbyComponent name="U3" edgeDistance="0mm" overlapDepth="0.6mm" directions="left,right,bottom,top" regionWithinComponent left="-101.9mm" right="-98.7mm" bottom="-32.2mm" top="-29.7mm" />
    <NearbyComponent name="TP26" edgeDistance="2.805mm" directions="left" freeSpaceOnLeft=">5.0mm" freeSpaceAbove="2.2mm" freeSpaceBelow="1.2mm" left="-108.2mm" right="-104.7mm" bottom="-32.5mm" top="-30.7mm" />
    <NearbyComponent name="R17" edgeDistance="4.112mm" directions="right,bottom" freeSpaceOnRight="4.2mm" freeSpaceBelow=">5.0mm" left="-100.4mm" right="-98.1mm" bottom="-37.1mm" top="-36.2mm" />
    <NearbyComponent name="C1" edgeDistance="4.144mm" directions="left,bottom" freeSpaceOnLeft=">5.0mm" freeSpaceBelow=">5.0mm" left="-107.1mm" right="-105.8mm" bottom="-37.1mm" top="-33.7mm" />
</CongestedRegion>

<CongestedRegion probabilityOfFailure="0.1%" left="-78.0mm" right="-77.7mm" bottom="13.2mm" top="14.1mm" width="0.3mm" height="0.9mm">
    <NearbyComponent name="U5" edgeDistance="0mm" overlapDepth="0.3mm" directions="left,right,bottom,top" regionWithinComponent left="-78.0mm" right="-75.7mm" bottom="13.2mm" top="15.6mm" />
    <NearbyComponent name="SW_RIGHT" edgeDistance="0.3mm" directions="bottom" freeSpaceOnLeft="0.0mm" freeSpaceOnRight="0.0mm" freeSpaceBelow="0.0mm" left="-82.3mm" right="-75.3mm" bottom="6.7mm" top="12.9mm" />
    <NearbyComponent name="L2" edgeDistance="4.02mm" directions="bottom" freeSpaceOnLeft="0.0mm" freeSpaceOnRight="0.0mm" freeSpaceBelow="0.0mm" left="-79.7mm" right="-75.8mm" bottom="7.0mm" top="9.1mm" />
    <NearbyComponent name="C57" edgeDistance="4.43mm" directions="left" freeSpaceOnLeft=">5.0mm" freeSpaceAbove=">5.0mm" freeSpaceBelow=">5.0mm" left="-83.3mm" right="-82.4mm" bottom="13.3mm" top="15.5mm" />
</CongestedRegion>

<CongestedRegion probabilityOfFailure="0.1%" left="-77.0mm" right="-76.7mm" bottom="13.2mm" top="14.5mm" width="0.3mm" height="1.3mm">
    <NearbyComponent name="U5" edgeDistance="0mm" overlapDepth="0.3mm" directions="left,right,bottom,top" regionWithinComponent left="-78.0mm" right="-75.7mm" bottom="13.2mm" top="15.6mm" />
    <NearbyComponent name="SW_RIGHT" edgeDistance="0.3mm" directions="bottom" freeSpaceOnLeft="0.0mm" freeSpaceOnRight="0.0mm" freeSpaceBelow="0.0mm" left="-82.3mm" right="-75.3mm" bottom="6.7mm" top="12.9mm" />
    <NearbyComponent name="L2" edgeDistance="4.02mm" directions="bottom" freeSpaceOnLeft="0.0mm" freeSpaceOnRight="0.0mm" freeSpaceBelow="0.0mm" left="-79.7mm" right="-75.8mm" bottom="7.0mm" top="9.1mm" />
    <NearbyComponent name="TP4" edgeDistance="4.579mm" directions="right" freeSpaceOnRight="0.0mm" freeSpaceAbove="0.0mm" freeSpaceBelow="0.0mm" left="-72.1mm" right="-68.7mm" bottom="14.3mm" top="16.1mm" />
</CongestedRegion>

<CongestedRegion probabilityOfFailure="0.1%" left="-76.5mm" right="-76.2mm" bottom="15.0mm" top="15.6mm" width="0.3mm" height="0.6mm">
    <NearbyComponent name="U5" edgeDistance="0mm" overlapDepth="0.3mm" directions="left,right,bottom,top" regionWithinComponent left="-78.0mm" right="-75.7mm" bottom="13.2mm" top="15.6mm" />
    <NearbyComponent name="SW_RIGHT" edgeDistance="2.1mm" directions="bottom" freeSpaceOnLeft="0.0mm" freeSpaceOnRight="0.0mm" freeSpaceBelow="0.0mm" left="-82.3mm" right="-75.3mm" bottom="6.7mm" top="12.9mm" />
    <NearbyComponent name="TP4" edgeDistance="4.079mm" directions="right" freeSpaceOnRight="0.0mm" freeSpaceAbove="0.0mm" freeSpaceBelow="0.0mm" left="-72.1mm" right="-68.7mm" bottom="14.3mm" top="16.1mm" />
    <NearbyComponent name="R60" edgeDistance="4.128mm" directions="top" freeSpaceOnLeft=">5.0mm" freeSpaceOnRight=">5.0mm" freeSpaceAbove="4.5mm" left="-78.0mm" right="-75.7mm" bottom="19.7mm" top="20.5mm" />
</CongestedRegion>

<CongestedRegion probabilityOfFailure="0.1%" left="-78.0mm" right="-77.7mm" bottom="15.0mm" top="15.6mm" width="0.3mm" height="0.6mm">
    <NearbyComponent name="U5" edgeDistance="0mm" overlapDepth="0.3mm" directions="left,right,bottom,top" regionWithinComponent left="-78.0mm" right="-75.7mm" bottom="13.2mm" top="15.6mm" />
    <NearbyComponent name="SW_RIGHT" edgeDistance="2.1mm" directions="bottom" freeSpaceOnLeft="0.0mm" freeSpaceOnRight="0.0mm" freeSpaceBelow="0.0mm" left="-82.3mm" right="-75.3mm" bottom="6.7mm" top="12.9mm" />
    <NearbyComponent name="R60" edgeDistance="4.128mm" directions="top" freeSpaceOnLeft=">5.0mm" freeSpaceOnRight=">5.0mm" freeSpaceAbove="4.5mm" left="-78.0mm" right="-75.7mm" bottom="19.7mm" top="20.5mm" />
    <NearbyComponent name="C57" edgeDistance="4.43mm" directions="left" freeSpaceOnLeft=">5.0mm" freeSpaceAbove=">5.0mm" freeSpaceBelow=">5.0mm" left="-83.3mm" right="-82.4mm" bottom="13.3mm" top="15.5mm" />
</CongestedRegion>

<CongestedRegion probabilityOfFailure="0.1%" left="-61.6mm" right="-61.0mm" bottom="20.6mm" top="21.7mm" width="0.6mm" height="1.1mm">
    <NearbyComponent name="U11" edgeDistance="0mm" overlapDepth="0.6mm" directions="left,right,bottom,top" regionWithinComponent left="-62.5mm" right="-60.0mm" bottom="20.6mm" top="24.4mm" />
    <NearbyComponent name="TP6" edgeDistance="2.321mm" directions="left,bottom" freeSpaceOnLeft="0.7mm" freeSpaceBelow="2.4mm" left="-67.3mm" right="-63.9mm" bottom="18.5mm" top="20.2mm" />
    <NearbyComponent name="C62" edgeDistance="2.38mm" directions="right" freeSpaceOnRight=">5.0mm" freeSpaceAbove=">5.0mm" freeSpaceBelow="3.2mm" left="-58.6mm" right="-56.4mm" bottom="20.5mm" top="21.4mm" />
    <NearbyComponent name="C43" edgeDistance="3.09mm" directions="right,top" freeSpaceOnRight=">5.0mm" freeSpaceAbove="4.1mm" left="-58.6mm" right="-56.4mm" bottom="23.7mm" top="24.6mm" />
    <NearbyComponent name="TP13" edgeDistance="3.33mm" directions="bottom" freeSpaceOnLeft="2.9mm" freeSpaceOnRight="2.8mm" freeSpaceBelow=">5.0mm" left="-61.2mm" right="-57.8mm" bottom="15.5mm" top="17.3mm" />
</CongestedRegion>

<CongestedRegion probabilityOfFailure="0.1%" left="-60.6mm" right="-60.0mm" bottom="20.6mm" top="21.7mm" width="0.6mm" height="1.1mm">
    <NearbyComponent name="U11" edgeDistance="0mm" overlapDepth="0.6mm" directions="left,bottom,top" freeSpaceOnLeft=">5.0mm" left="-62.5mm" right="-60.0mm" bottom="20.6mm" top="24.4mm" />
    <NearbyComponent name="C62" edgeDistance="1.43mm" directions="right" freeSpaceOnRight=">5.0mm" freeSpaceAbove=">5.0mm" freeSpaceBelow="3.2mm" left="-58.6mm" right="-56.4mm" bottom="20.5mm" top="21.4mm" />
    <NearbyComponent name="C43" edgeDistance="2.434mm" directions="right,top" freeSpaceOnRight=">5.0mm" freeSpaceAbove="4.1mm" left="-58.6mm" right="-56.4mm" bottom="23.7mm" top="24.6mm" />
    <NearbyComponent name="TP6" edgeDistance="3.261mm" directions="left,bottom" freeSpaceOnLeft="0.7mm" freeSpaceBelow="2.4mm" left="-67.3mm" right="-63.9mm" bottom="18.5mm" top="20.2mm" />
    <NearbyComponent name="TP13" edgeDistance="3.33mm" directions="bottom" freeSpaceOnLeft="2.9mm" freeSpaceOnRight="2.8mm" freeSpaceBelow=">5.0mm" left="-61.2mm" right="-57.8mm" bottom="15.5mm" top="17.3mm" />
</CongestedRegion>

<CongestedRegion probabilityOfFailure="0.1%" left="-60.6mm" right="-60.0mm" bottom="23.3mm" top="24.4mm" width="0.6mm" height="1.1mm">
    <NearbyComponent name="U11" edgeDistance="0mm" overlapDepth="0.6mm" directions="left,bottom" freeSpaceOnLeft=">5.0mm" freeSpaceBelow="3.3mm" left="-62.5mm" right="-60.0mm" bottom="20.6mm" top="24.4mm" />
    <NearbyComponent name="C43" edgeDistance="1.43mm" directions="right" freeSpaceOnRight=">5.0mm" freeSpaceAbove="4.1mm" freeSpaceBelow=">5.0mm" left="-58.6mm" right="-56.4mm" bottom="23.7mm" top="24.6mm" />
    <NearbyComponent name="C62" edgeDistance="2.434mm" directions="right,bottom" freeSpaceOnRight=">5.0mm" freeSpaceBelow="3.2mm" left="-58.6mm" right="-56.4mm" bottom="20.5mm" top="21.4mm" />
    <NearbyComponent name="C61" edgeDistance="4.13mm" directions="top" freeSpaceOnLeft="0.0mm" freeSpaceOnRight="0.0mm" freeSpaceAbove="0.0mm" left="-62.6mm" right="-60.4mm" bottom="28.6mm" top="29.5mm" />
    <NearbyComponent name="U16" edgeDistance="4.278mm" directions="top" freeSpaceOnLeft="0.0mm" freeSpaceOnRight="0.0mm" freeSpaceAbove="0.0mm" left="-60.9mm" right="-54.1mm" bottom="28.7mm" top="32.9mm" />
    <NearbyComponent name="TP6" edgeDistance="4.479mm" directions="left,bottom" freeSpaceOnLeft="0.7mm" freeSpaceBelow="2.4mm" left="-67.3mm" right="-63.9mm" bottom="18.5mm" top="20.2mm" />
    <NearbyComponent name="R7" edgeDistance="4.535mm" directions="right,top" freeSpaceOnRight="0.0mm" freeSpaceAbove="0.0mm" left="-55.9mm" right="-55.1mm" bottom="26.4mm" top="28.7mm" />
</CongestedRegion>

<CongestedRegion probabilityOfFailure="0.1%" left="-69.4mm" right="-69.1mm" bottom="0.6mm" top="1.5mm" width="0.3mm" height="0.9mm">
    <NearbyComponent name="U13" edgeDistance="0mm" overlapDepth="0.3mm" directions="left,right,bottom,top" regionWithinComponent left="-69.4mm" right="-67.1mm" bottom="0.6mm" top="3.0mm" />
    <NearbyComponent name="TP3" edgeDistance="1.89mm" directions="top" freeSpaceOnLeft=">5.0mm" freeSpaceOnRight="3.5mm" freeSpaceAbove=">5.0mm" left="-69.4mm" right="-66.0mm" bottom="3.3mm" top="5.1mm" />
    <NearbyComponent name="L1" edgeDistance="3.75mm" directions="bottom" freeSpaceOnLeft=">5.0mm" freeSpaceOnRight=">5.0mm" freeSpaceBelow=">5.0mm" left="-70.3mm" right="-66.3mm" bottom="-5.4mm" top="-3.2mm" />
    <NearbyComponent name="C37" edgeDistance="4.43mm" directions="left" freeSpaceOnLeft=">5.0mm" freeSpaceAbove=">5.0mm" freeSpaceBelow=">5.0mm" left="-74.8mm" right="-73.9mm" bottom="0.6mm" top="2.8mm" />
</CongestedRegion>

<CongestedRegion probabilityOfFailure="0.1%" left="-67.4mm" right="-67.1mm" bottom="0.6mm" top="1.5mm" width="0.3mm" height="0.9mm">
    <NearbyComponent name="U13" edgeDistance="0mm" overlapDepth="0.3mm" directions="left,right,bottom,top" regionWithinComponent left="-69.4mm" right="-67.1mm" bottom="0.6mm" top="3.0mm" />
    <NearbyComponent name="TP3" edgeDistance="1.89mm" directions="top" freeSpaceOnLeft=">5.0mm" freeSpaceOnRight="3.5mm" freeSpaceAbove=">5.0mm" left="-69.4mm" right="-66.0mm" bottom="3.3mm" top="5.1mm" />
    <NearbyComponent name="L1" edgeDistance="3.75mm" directions="bottom" freeSpaceOnLeft=">5.0mm" freeSpaceOnRight=">5.0mm" freeSpaceBelow=">5.0mm" left="-70.3mm" right="-66.3mm" bottom="-5.4mm" top="-3.2mm" />
    <NearbyComponent name="C42" edgeDistance="4.655mm" directions="right" freeSpaceOnRight=">5.0mm" freeSpaceAbove="3.6mm" freeSpaceBelow=">5.0mm" left="-62.5mm" right="-61.1mm" bottom="0.1mm" top="3.5mm" />
</CongestedRegion>

<CongestedRegion probabilityOfFailure="0.1%" left="-67.4mm" right="-67.1mm" bottom="2.4mm" top="3.0mm" width="0.3mm" height="0.6mm">
    <NearbyComponent name="U13" edgeDistance="0mm" overlapDepth="0.3mm" directions="left,right,bottom" freeSpaceBelow="3.7mm" left="-69.4mm" right="-67.1mm" bottom="0.6mm" top="3.0mm" />
    <NearbyComponent name="TP3" edgeDistance="0.39mm" directions="top" freeSpaceOnLeft=">5.0mm" freeSpaceOnRight="3.5mm" freeSpaceAbove=">5.0mm" left="-69.4mm" right="-66.0mm" bottom="3.3mm" top="5.1mm" />
    <NearbyComponent name="R73" edgeDistance="4.184mm" directions="left,top" freeSpaceOnLeft="4.9mm" freeSpaceAbove="4.7mm" left="-70.4mm" right="-68.1mm" bottom="7.1mm" top="7.9mm" />
    <NearbyComponent name="C42" edgeDistance="4.655mm" directions="right" freeSpaceOnRight=">5.0mm" freeSpaceAbove="3.6mm" freeSpaceBelow=">5.0mm" left="-62.5mm" right="-61.1mm" bottom="0.1mm" top="3.5mm" />
</CongestedRegion>

<CongestedRegion probabilityOfFailure="0.1%" left="-67.9mm" right="-67.6mm" bottom="2.4mm" top="3.0mm" width="0.3mm" height="0.6mm">
    <NearbyComponent name="U13" edgeDistance="0mm" overlapDepth="0.3mm" directions="left,right,bottom" freeSpaceBelow="3.7mm" left="-69.4mm" right="-67.1mm" bottom="0.6mm" top="3.0mm" />
    <NearbyComponent name="TP3" edgeDistance="0.39mm" directions="top" freeSpaceOnLeft=">5.0mm" freeSpaceOnRight="3.5mm" freeSpaceAbove=">5.0mm" left="-69.4mm" right="-66.0mm" bottom="3.3mm" top="5.1mm" />
    <NearbyComponent name="R73" edgeDistance="4.132mm" directions="left,top" freeSpaceOnLeft="4.9mm" freeSpaceAbove="4.7mm" left="-70.4mm" right="-68.1mm" bottom="7.1mm" top="7.9mm" />
</CongestedRegion>

<CongestedRegion probabilityOfFailure="0.1%" left="-69.4mm" right="-69.1mm" bottom="2.4mm" top="3.0mm" width="0.3mm" height="0.6mm">
    <NearbyComponent name="U13" edgeDistance="0mm" overlapDepth="0.3mm" directions="left,right,bottom" freeSpaceBelow="3.7mm" left="-69.4mm" right="-67.1mm" bottom="0.6mm" top="3.0mm" />
    <NearbyComponent name="TP3" edgeDistance="0.39mm" directions="top" freeSpaceOnLeft=">5.0mm" freeSpaceOnRight="3.5mm" freeSpaceAbove=">5.0mm" left="-69.4mm" right="-66.0mm" bottom="3.3mm" top="5.1mm" />
    <NearbyComponent name="R73" edgeDistance="4.128mm" directions="top" freeSpaceOnLeft="4.9mm" freeSpaceOnRight=">5.0mm" freeSpaceAbove="4.7mm" left="-70.4mm" right="-68.1mm" bottom="7.1mm" top="7.9mm" />
    <NearbyComponent name="C37" edgeDistance="4.43mm" directions="left" freeSpaceOnLeft=">5.0mm" freeSpaceAbove=">5.0mm" freeSpaceBelow=">5.0mm" left="-74.8mm" right="-73.9mm" bottom="0.6mm" top="2.8mm" />
</CongestedRegion>

<CongestedRegion probabilityOfFailure="0.1%" left="57.6mm" right="58.1mm" bottom="37.7mm" top="38.9mm" width="0.5mm" height="1.2mm">
    <NearbyComponent name="U14" edgeDistance="0mm" overlapDepth="0.49mm" directions="left,right,bottom,top" regionWithinComponent left="56.7mm" right="59.1mm" bottom="37.7mm" top="41.2mm" />
</CongestedRegion>

<CongestedRegion probabilityOfFailure="0.1%" left="56.7mm" right="57.2mm" bottom="37.7mm" top="38.9mm" width="0.5mm" height="1.2mm">
    <NearbyComponent name="U14" edgeDistance="0mm" overlapDepth="0.49mm" directions="left,right,bottom,top" regionWithinComponent left="56.7mm" right="59.1mm" bottom="37.7mm" top="41.2mm" />
    <NearbyComponent name="C72" edgeDistance="4.475mm" directions="left,top" freeSpaceOnLeft="2.1mm" freeSpaceAbove=">5.0mm" left="51.3mm" right="52.2mm" bottom="38.9mm" top="41.1mm" />
</CongestedRegion>

<CongestedRegion probabilityOfFailure="0.1%" left="66.2mm" right="67.2mm" bottom="28.9mm" top="29.5mm" width="1.0mm" height="0.6mm">
    <NearbyComponent name="U17" edgeDistance="0mm" overlapDepth="0.6mm" directions="left,right,bottom,top" regionWithinComponent left="64.0mm" right="67.2mm" bottom="28.9mm" top="31.4mm" />
    <NearbyComponent name="U10" edgeDistance="3.46mm" directions="right" freeSpaceOnRight="2.3mm" freeSpaceAbove=">5.0mm" freeSpaceBelow="3.9mm" left="70.7mm" right="73.9mm" bottom="28.7mm" top="31.2mm" />
    <NearbyComponent name="R58" edgeDistance="3.82mm" directions="right,bottom" freeSpaceOnRight=">5.0mm" freeSpaceBelow=">5.0mm" left="67.5mm" right="69.8mm" bottom="24.2mm" top="25.0mm" />
    <NearbyComponent name="R3" edgeDistance="4.86mm" directions="right,bottom" freeSpaceOnRight="4.5mm" freeSpaceBelow=">5.0mm" left="69.9mm" right="72.2mm" bottom="23.9mm" top="24.8mm" />
</CongestedRegion>

<CongestedRegion probabilityOfFailure="0.1%" left="-63.9mm" right="-62.8mm" bottom="-17.9mm" top="-17.3mm" width="1.1mm" height="0.6mm">
    <NearbyComponent name="U18" edgeDistance="0mm" overlapDepth="0.6mm" directions="left,right,bottom,top" regionWithinComponent left="-66.6mm" right="-62.8mm" bottom="-17.9mm" top="-15.4mm" />
    <NearbyComponent name="D1" edgeDistance="0.761mm" directions="left,top" freeSpaceOnLeft="0.0mm" freeSpaceAbove="0.0mm" left="-65.1mm" right="-64.7mm" bottom="-17.2mm" top="-14.1mm" />
    <NearbyComponent name="PTC1" edgeDistance="1.716mm" directions="right" freeSpaceOnRight=">5.0mm" freeSpaceAbove=">5.0mm" freeSpaceBelow="3.7mm" left="-61.1mm" right="-59.6mm" bottom="-17.8mm" top="-14.6mm" />
    <NearbyComponent name="F1" edgeDistance="3.466mm" directions="bottom" freeSpaceOnLeft=">5.0mm" freeSpaceOnRight=">5.0mm" freeSpaceBelow=">5.0mm" left="-63.7mm" right="-59.6mm" bottom="-23.1mm" top="-21.4mm" />
</CongestedRegion>

<CongestedRegion probabilityOfFailure="0.1%" left="-66.6mm" right="-65.5mm" bottom="-16.0mm" top="-15.4mm" width="1.1mm" height="0.6mm">
    <NearbyComponent name="U18" edgeDistance="0mm" overlapDepth="0.6mm" directions="left,right,bottom,top" regionWithinComponent left="-66.6mm" right="-62.8mm" bottom="-17.9mm" top="-15.4mm" />
    <NearbyComponent name="D1" edgeDistance="0.473mm" directions="right" freeSpaceOnRight="0.0mm" freeSpaceAbove="0.0mm" freeSpaceBelow="0.0mm" left="-65.1mm" right="-64.7mm" bottom="-17.2mm" top="-14.1mm" />
    <NearbyComponent name="TP2" edgeDistance="2.786mm" directions="left,top" freeSpaceOnLeft=">5.0mm" freeSpaceAbove=">5.0mm" left="-72.1mm" right="-68.7mm" bottom="-13.6mm" top="-11.8mm" />
    <NearbyComponent name="C22" edgeDistance="3.967mm" directions="right,top" freeSpaceOnRight=">5.0mm" freeSpaceAbove=">5.0mm" left="-64.7mm" right="-62.5mm" bottom="-11.6mm" top="-10.7mm" />
    <NearbyComponent name="PTC1" edgeDistance="4.416mm" directions="right" freeSpaceOnRight=">5.0mm" freeSpaceAbove=">5.0mm" freeSpaceBelow="3.7mm" left="-61.1mm" right="-59.6mm" bottom="-17.8mm" top="-14.6mm" />
</CongestedRegion>

<CongestedRegion probabilityOfFailure="0.1%" left="-35.9mm" right="-33.7mm" bottom="42.0mm" top="42.8mm" width="2.2mm" height="0.8mm">
    <NearbyComponent name="C3" edgeDistance="0mm" overlapDepth="0.8mm" directions="bottom,top" freeSpaceOnLeft="0.0mm" freeSpaceOnRight="0.0mm" left="-35.6mm" right="-34.7mm" bottom="42.0mm" top="44.2mm" />
    <NearbyComponent name="C13" edgeDistance="0mm" overlapDepth="0.15mm" directions="left,right,top" freeSpaceAbove="0.0mm" left="-35.9mm" right="-33.7mm" bottom="42.6mm" top="43.5mm" />
    <NearbyComponent name="TP80" edgeDistance="2.582mm" directions="right,bottom" freeSpaceOnRight=">5.0mm" freeSpaceBelow="1.6mm" left="-33.1mm" right="-29.7mm" bottom="37.7mm" top="39.5mm" />
    <NearbyComponent name="C11" edgeDistance="2.59mm" directions="bottom" freeSpaceOnLeft="0.0mm" freeSpaceOnRight="0.0mm" freeSpaceBelow="0.0mm" left="-35.9mm" right="-33.7mm" bottom="38.5mm" top="39.4mm" />
    <NearbyComponent name="R1" edgeDistance="3.323mm" directions="bottom" freeSpaceOnLeft="0.0mm" freeSpaceOnRight="0.0mm" freeSpaceBelow="0.0mm" left="-35.6mm" right="-34.7mm" bottom="36.3mm" top="38.6mm" />
    <NearbyComponent name="P2" edgeDistance="3.63mm" directions="right,top" freeSpaceOnRight="0.0mm" freeSpaceAbove="0.0mm" left="-33.6mm" right="-7.5mm" bottom="46.4mm" top="50.9mm" />
    <NearbyComponent name="Q8" edgeDistance="4.81mm" directions="right" freeSpaceOnRight=">5.0mm" freeSpaceAbove="3.1mm" freeSpaceBelow=">5.0mm" left="-28.9mm" right="-25.6mm" bottom="40.3mm" top="43.0mm" />
</CongestedRegion>

<CongestedRegion probabilityOfFailure="0.1%" left="-25.3mm" right="-24.5mm" bottom="11.3mm" top="12.2mm" width="0.8mm" height="0.9mm">
    <NearbyComponent name="C5" edgeDistance="0mm" overlapDepth="0.8mm" directions="left,right,bottom,top" regionWithinComponent left="-25.3mm" right="-23.1mm" bottom="11.3mm" top="12.2mm" />
    <NearbyComponent name="C49" edgeDistance="1.98mm" directions="bottom" freeSpaceOnLeft=">5.0mm" freeSpaceOnRight=">5.0mm" freeSpaceBelow=">5.0mm" left="-25.3mm" right="-23.1mm" bottom="8.4mm" top="9.3mm" />
    <NearbyComponent name="R5" edgeDistance="4.723mm" directions="right" freeSpaceOnRight=">5.0mm" freeSpaceAbove=">5.0mm" freeSpaceBelow=">5.0mm" left="-19.8mm" right="-17.5mm" bottom="11.3mm" top="12.2mm" />
</CongestedRegion>

<CongestedRegion probabilityOfFailure="0.1%" left="-23.9mm" right="-23.1mm" bottom="11.3mm" top="12.2mm" width="0.8mm" height="0.9mm">
    <NearbyComponent name="C5" edgeDistance="0mm" overlapDepth="0.8mm" directions="left,right,bottom,top" regionWithinComponent left="-25.3mm" right="-23.1mm" bottom="11.3mm" top="12.2mm" />
    <NearbyComponent name="C49" edgeDistance="1.98mm" directions="bottom" freeSpaceOnLeft=">5.0mm" freeSpaceOnRight=">5.0mm" freeSpaceBelow=">5.0mm" left="-25.3mm" right="-23.1mm" bottom="8.4mm" top="9.3mm" />
    <NearbyComponent name="R5" edgeDistance="3.323mm" directions="right" freeSpaceOnRight=">5.0mm" freeSpaceAbove=">5.0mm" freeSpaceBelow=">5.0mm" left="-19.8mm" right="-17.5mm" bottom="11.3mm" top="12.2mm" />
</CongestedRegion>

<CongestedRegion probabilityOfFailure="0.1%" left="19.7mm" right="20.5mm" bottom="12.4mm" top="13.3mm" width="0.8mm" height="0.9mm">
    <NearbyComponent name="C6" edgeDistance="0mm" overlapDepth="0.8mm" directions="left,right,bottom,top" regionWithinComponent left="18.3mm" right="20.5mm" bottom="12.4mm" top="13.3mm" />
    <NearbyComponent name="C51" edgeDistance="1.98mm" directions="bottom" freeSpaceOnLeft="4.6mm" freeSpaceOnRight=">5.0mm" freeSpaceBelow=">5.0mm" left="18.3mm" right="20.5mm" bottom="9.5mm" top="10.4mm" />
</CongestedRegion>

<CongestedRegion probabilityOfFailure="0.1%" left="47.9mm" right="48.7mm" bottom="7.7mm" top="8.6mm" width="0.8mm" height="0.9mm">
    <NearbyComponent name="C7" edgeDistance="0mm" overlapDepth="0.8mm" directions="left,right,bottom,top" regionWithinComponent left="46.5mm" right="48.7mm" bottom="7.7mm" top="8.6mm" />
</CongestedRegion>

<CongestedRegion probabilityOfFailure="0.1%" left="63.2mm" right="64.1mm" bottom="41.2mm" top="42.0mm" width="0.9mm" height="0.8mm">
    <NearbyComponent name="C8" edgeDistance="0mm" overlapDepth="0.8mm" directions="left,right,bottom,top" regionWithinComponent left="63.2mm" right="64.1mm" bottom="39.8mm" top="42.0mm" />
    <NearbyComponent name="Q5" edgeDistance="2.94mm" directions="right,top" freeSpaceOnRight=">5.0mm" freeSpaceAbove=">5.0mm" left="66.8mm" right="70.2mm" bottom="43.1mm" top="45.5mm" />
    <NearbyComponent name="R64" edgeDistance="2.955mm" directions="right,bottom" freeSpaceOnRight="3.3mm" freeSpaceBelow="4.8mm" left="65.2mm" right="66.1mm" bottom="36.1mm" top="38.5mm" />
    <NearbyComponent name="U14" edgeDistance="4.115mm" directions="left,bottom" freeSpaceOnLeft="4.5mm" freeSpaceBelow=">5.0mm" left="56.7mm" right="59.1mm" bottom="37.7mm" top="41.2mm" />
    <NearbyComponent name="R66" edgeDistance="4.224mm" directions="left,top" freeSpaceOnLeft=">5.0mm" freeSpaceAbove="4.2mm" left="58.5mm" right="60.8mm" bottom="45.5mm" top="46.4mm" />
</CongestedRegion>

<CongestedRegion probabilityOfFailure="0.1%" left="19.8mm" right="20.7mm" bottom="18.9mm" top="19.7mm" width="0.9mm" height="0.8mm">
    <NearbyComponent name="C15" edgeDistance="0mm" overlapDepth="0.8mm" directions="left,right,bottom,top" regionWithinComponent left="19.8mm" right="20.7mm" bottom="18.9mm" top="21.1mm" />
    <NearbyComponent name="C46" edgeDistance="2.7mm" directions="right" freeSpaceOnRight=">5.0mm" freeSpaceAbove=">5.0mm" freeSpaceBelow=">5.0mm" left="23.4mm" right="24.3mm" bottom="18.9mm" top="21.1mm" />
</CongestedRegion>

<CongestedRegion probabilityOfFailure="0.1%" left="19.8mm" right="20.7mm" bottom="20.3mm" top="21.1mm" width="0.9mm" height="0.8mm">
    <NearbyComponent name="C15" edgeDistance="0mm" overlapDepth="0.8mm" directions="left,right,bottom,top" regionWithinComponent left="19.8mm" right="20.7mm" bottom="18.9mm" top="21.1mm" />
    <NearbyComponent name="C46" edgeDistance="2.7mm" directions="right" freeSpaceOnRight=">5.0mm" freeSpaceAbove=">5.0mm" freeSpaceBelow=">5.0mm" left="23.4mm" right="24.3mm" bottom="18.9mm" top="21.1mm" />
</CongestedRegion>

<CongestedRegion probabilityOfFailure="0.1%" left="12.8mm" right="13.6mm" bottom="48.6mm" top="49.5mm" width="0.8mm" height="0.9mm">
    <NearbyComponent name="C16" edgeDistance="0mm" overlapDepth="0.8mm" directions="left,right,bottom,top" regionWithinComponent left="11.4mm" right="13.6mm" bottom="48.6mm" top="49.5mm" />
    <NearbyComponent name="EM3" edgeDistance="4.28mm" directions="right" freeSpaceOnRight=">5.0mm" freeSpaceAbove=">5.0mm" freeSpaceBelow=">5.0mm" left="17.9mm" right="20.1mm" bottom="48.6mm" top="49.4mm" />
    <NearbyComponent name="P4" edgeDistance="4.983mm" directions="right,top" freeSpaceOnRight=">5.0mm" freeSpaceAbove=">5.0mm" left="14.6mm" right="16.6mm" bottom="54.3mm" top="57.3mm" />
</CongestedRegion>

<CongestedRegion probabilityOfFailure="0.1%" left="11.4mm" right="12.2mm" bottom="48.6mm" top="49.5mm" width="0.8mm" height="0.9mm">
    <NearbyComponent name="C16" edgeDistance="0mm" overlapDepth="0.8mm" directions="left,right,bottom,top" regionWithinComponent left="11.4mm" right="13.6mm" bottom="48.6mm" top="49.5mm" />
    <NearbyComponent name="C48" edgeDistance="4.28mm" directions="left" freeSpaceOnLeft="4.2mm" freeSpaceAbove=">5.0mm" freeSpaceBelow=">5.0mm" left="4.9mm" right="7.1mm" bottom="48.6mm" top="49.5mm" />
</CongestedRegion>

<CongestedRegion probabilityOfFailure="0.1%" left="35.9mm" right="36.7mm" bottom="54.3mm" top="55.2mm" width="0.8mm" height="0.9mm">
    <NearbyComponent name="C17" edgeDistance="0mm" overlapDepth="0.8mm" directions="left,right,bottom,top" regionWithinComponent left="35.9mm" right="38.1mm" bottom="54.3mm" top="55.2mm" />
    <NearbyComponent name="EM2" edgeDistance="3.225mm" directions="bottom" freeSpaceOnLeft=">5.0mm" freeSpaceOnRight=">5.0mm" freeSpaceBelow="4.8mm" left="33.5mm" right="36.6mm" bottom="49.4mm" top="51.1mm" />
</CongestedRegion>

<CongestedRegion probabilityOfFailure="0.1%" left="17.2mm" right="18.0mm" bottom="41.7mm" top="42.6mm" width="0.8mm" height="0.9mm">
    <NearbyComponent name="C18" edgeDistance="0mm" overlapDepth="0.8mm" directions="left,right,bottom,top" regionWithinComponent left="17.2mm" right="19.4mm" bottom="41.7mm" top="42.6mm" />
    <NearbyComponent name="EM1" edgeDistance="4.747mm" directions="right,top" freeSpaceOnRight=">5.0mm" freeSpaceAbove=">5.0mm" left="20.3mm" right="23.4mm" bottom="46.7mm" top="48.4mm" />
</CongestedRegion>

<CongestedRegion probabilityOfFailure="0.1%" left="25.8mm" right="26.6mm" bottom="41.7mm" top="42.6mm" width="0.8mm" height="0.9mm">
    <NearbyComponent name="C19" edgeDistance="0mm" overlapDepth="0.8mm" directions="left,right,bottom,top" regionWithinComponent left="24.4mm" right="26.6mm" bottom="41.7mm" top="42.6mm" />
    <NearbyComponent name="EM1" edgeDistance="4.747mm" directions="left,top" freeSpaceOnLeft=">5.0mm" freeSpaceAbove=">5.0mm" left="20.3mm" right="23.4mm" bottom="46.7mm" top="48.4mm" />
</CongestedRegion>

<CongestedRegion probabilityOfFailure="0.1%" left="24.4mm" right="25.2mm" bottom="41.7mm" top="42.6mm" width="0.8mm" height="0.9mm">
    <NearbyComponent name="C19" edgeDistance="0mm" overlapDepth="0.8mm" directions="left,right,bottom,top" regionWithinComponent left="24.4mm" right="26.6mm" bottom="41.7mm" top="42.6mm" />
    <NearbyComponent name="EM1" edgeDistance="4.233mm" directions="left,top" freeSpaceOnLeft=">5.0mm" freeSpaceAbove=">5.0mm" left="20.3mm" right="23.4mm" bottom="46.7mm" top="48.4mm" />
    <NearbyComponent name="C18" edgeDistance="5mm" directions="left" freeSpaceOnLeft=">5.0mm" freeSpaceAbove=">5.0mm" freeSpaceBelow=">5.0mm" left="17.2mm" right="19.4mm" bottom="41.7mm" top="42.6mm" />
</CongestedRegion>

<CongestedRegion probabilityOfFailure="0.1%" left="42.7mm" right="43.6mm" bottom="49.2mm" top="50.0mm" width="0.9mm" height="0.8mm">
    <NearbyComponent name="C20" edgeDistance="0mm" overlapDepth="0.8mm" directions="left,right,bottom,top" regionWithinComponent left="42.7mm" right="43.6mm" bottom="49.2mm" top="51.4mm" />
    <NearbyComponent name="TP25" edgeDistance="2.79mm" directions="left,bottom" freeSpaceOnLeft=">5.0mm" freeSpaceBelow="0.8mm" left="37.3mm" right="40.7mm" bottom="45.4mm" top="47.2mm" />
    <NearbyComponent name="U2" edgeDistance="4.529mm" directions="bottom" freeSpaceOnLeft="0.0mm" freeSpaceOnRight="0.0mm" freeSpaceBelow="0.0mm" left="32.0mm" right="49.2mm" bottom="31.8mm" top="44.6mm" />
    <NearbyComponent name="JP2" edgeDistance="4.55mm" directions="right,top" freeSpaceOnRight="3.6mm" freeSpaceAbove=">5.0mm" left="44.9mm" right="47.2mm" bottom="54.3mm" top="55.2mm" />
</CongestedRegion>

<CongestedRegion probabilityOfFailure="0.1%" left="-38.7mm" right="-37.8mm" bottom="18.2mm" top="19.0mm" width="0.9mm" height="0.8mm">
    <NearbyComponent name="C30" edgeDistance="0mm" overlapDepth="0.8mm" directions="left,right,bottom,top" regionWithinComponent left="-38.7mm" right="-37.8mm" bottom="16.8mm" top="19.0mm" />
    <NearbyComponent name="R29" edgeDistance="2.178mm" directions="right" freeSpaceOnRight="3.3mm" freeSpaceAbove=">5.0mm" freeSpaceBelow=">5.0mm" left="-35.6mm" right="-34.7mm" bottom="16.7mm" top="19.0mm" />
    <NearbyComponent name="TP15" edgeDistance="2.752mm" directions="left,top" freeSpaceOnLeft="1.6mm" freeSpaceAbove=">5.0mm" left="-44.8mm" right="-41.4mm" bottom="19.4mm" top="21.2mm" />
</CongestedRegion>

<CongestedRegion probabilityOfFailure="0.1%" left="-38.7mm" right="-37.8mm" bottom="16.8mm" top="17.6mm" width="0.9mm" height="0.8mm">
    <NearbyComponent name="C30" edgeDistance="0mm" overlapDepth="0.8mm" directions="left,right,bottom,top" regionWithinComponent left="-38.7mm" right="-37.8mm" bottom="16.8mm" top="19.0mm" />
    <NearbyComponent name="R29" edgeDistance="2.178mm" directions="right" freeSpaceOnRight="3.3mm" freeSpaceAbove=">5.0mm" freeSpaceBelow=">5.0mm" left="-35.6mm" right="-34.7mm" bottom="16.7mm" top="19.0mm" />
    <NearbyComponent name="TP15" edgeDistance="3.285mm" directions="left,top" freeSpaceOnLeft="1.6mm" freeSpaceAbove=">5.0mm" left="-44.8mm" right="-41.4mm" bottom="19.4mm" top="21.2mm" />
</CongestedRegion>

<CongestedRegion probabilityOfFailure="0.1%" left="-70.3mm" right="-69.5mm" bottom="25.7mm" top="26.6mm" width="0.8mm" height="0.9mm">
    <NearbyComponent name="C39" edgeDistance="0mm" overlapDepth="0.8mm" directions="left,right,bottom,top" regionWithinComponent left="-70.3mm" right="-68.1mm" bottom="25.7mm" top="26.6mm" />
    <NearbyComponent name="U15" edgeDistance="4.13mm" directions="top" freeSpaceOnLeft=">5.0mm" freeSpaceOnRight="4.8mm" freeSpaceAbove=">5.0mm" left="-70.4mm" right="-67.9mm" bottom="30.7mm" top="34.5mm" />
</CongestedRegion>

<CongestedRegion probabilityOfFailure="0.1%" left="-58.6mm" right="-57.8mm" bottom="23.7mm" top="24.6mm" width="0.8mm" height="0.9mm">
    <NearbyComponent name="C43" edgeDistance="0mm" overlapDepth="0.8mm" directions="left,right,bottom,top" regionWithinComponent left="-58.6mm" right="-56.4mm" bottom="23.7mm" top="24.6mm" />
    <NearbyComponent name="U11" edgeDistance="1.43mm" directions="left" freeSpaceOnLeft=">5.0mm" freeSpaceAbove="4.1mm" freeSpaceBelow="3.3mm" left="-62.5mm" right="-60.0mm" bottom="20.6mm" top="24.4mm" />
    <NearbyComponent name="C62" edgeDistance="2.34mm" directions="bottom" freeSpaceOnLeft="1.4mm" freeSpaceOnRight=">5.0mm" freeSpaceBelow="3.2mm" left="-58.6mm" right="-56.4mm" bottom="20.5mm" top="21.4mm" />
    <NearbyComponent name="R7" edgeDistance="2.589mm" directions="right,top" freeSpaceOnRight="0.0mm" freeSpaceAbove="0.0mm" left="-55.9mm" right="-55.1mm" bottom="26.4mm" top="28.7mm" />
    <NearbyComponent name="U16" edgeDistance="4.108mm" directions="top" freeSpaceOnLeft="0.0mm" freeSpaceOnRight="0.0mm" freeSpaceAbove="0.0mm" left="-60.9mm" right="-54.1mm" bottom="28.7mm" top="32.9mm" />
    <NearbyComponent name="C61" edgeDistance="4.333mm" directions="left,top" freeSpaceOnLeft="0.0mm" freeSpaceAbove="0.0mm" left="-62.6mm" right="-60.4mm" bottom="28.6mm" top="29.5mm" />
    <NearbyComponent name="VR1" edgeDistance="4.684mm" directions="right,bottom" freeSpaceOnRight="1.2mm" freeSpaceBelow=">5.0mm" left="-55.0mm" right="-51.9mm" bottom="15.4mm" top="20.0mm" />
</CongestedRegion>

<CongestedRegion probabilityOfFailure="0.1%" left="-57.2mm" right="-56.4mm" bottom="23.7mm" top="24.6mm" width="0.8mm" height="0.9mm">
    <NearbyComponent name="C43" edgeDistance="0mm" overlapDepth="0.8mm" directions="left,right,bottom,top" regionWithinComponent left="-58.6mm" right="-56.4mm" bottom="23.7mm" top="24.6mm" />
    <NearbyComponent name="R7" edgeDistance="1.868mm" directions="right,top" freeSpaceOnRight="0.0mm" freeSpaceAbove="0.0mm" left="-55.9mm" right="-55.1mm" bottom="26.4mm" top="28.7mm" />
    <NearbyComponent name="C62" edgeDistance="2.34mm" directions="bottom" freeSpaceOnLeft="1.4mm" freeSpaceOnRight=">5.0mm" freeSpaceBelow="3.2mm" left="-58.6mm" right="-56.4mm" bottom="20.5mm" top="21.4mm" />
    <NearbyComponent name="U11" edgeDistance="2.83mm" directions="left" freeSpaceOnLeft=">5.0mm" freeSpaceAbove="4.1mm" freeSpaceBelow="3.3mm" left="-62.5mm" right="-60.0mm" bottom="20.6mm" top="24.4mm" />
    <NearbyComponent name="VR1" edgeDistance="4.007mm" directions="right,bottom" freeSpaceOnRight="1.2mm" freeSpaceBelow=">5.0mm" left="-55.0mm" right="-51.9mm" bottom="15.4mm" top="20.0mm" />
    <NearbyComponent name="U16" edgeDistance="4.108mm" directions="top" freeSpaceOnLeft="0.0mm" freeSpaceOnRight="0.0mm" freeSpaceAbove="0.0mm" left="-60.9mm" right="-54.1mm" bottom="28.7mm" top="32.9mm" />
</CongestedRegion>

<CongestedRegion probabilityOfFailure="0.1%" left="-31.4mm" right="-30.6mm" bottom="28.4mm" top="29.3mm" width="0.8mm" height="0.9mm">
    <NearbyComponent name="C45" edgeDistance="0mm" overlapDepth="0.8mm" directions="left,right,bottom,top" regionWithinComponent left="-31.4mm" right="-29.2mm" bottom="28.4mm" top="29.3mm" />
    <NearbyComponent name="C47" edgeDistance="2.34mm" directions="top" freeSpaceOnLeft="3.3mm" freeSpaceOnRight=">5.0mm" freeSpaceAbove=">5.0mm" left="-31.4mm" right="-29.2mm" bottom="31.6mm" top="32.5mm" />
    <NearbyComponent name="C52" edgeDistance="2.34mm" directions="bottom" freeSpaceOnLeft="3.3mm" freeSpaceOnRight=">5.0mm" freeSpaceBelow=">5.0mm" left="-31.4mm" right="-29.2mm" bottom="25.2mm" top="26.1mm" />
    <NearbyComponent name="C4" edgeDistance="3.449mm" directions="left,bottom" freeSpaceOnLeft=">5.0mm" freeSpaceBelow=">5.0mm" left="-35.6mm" right="-34.7mm" bottom="25.2mm" top="27.4mm" />
    <NearbyComponent name="R41" edgeDistance="3.631mm" directions="left,top" freeSpaceOnLeft=">5.0mm" freeSpaceAbove="3.3mm" left="-35.6mm" right="-34.7mm" bottom="30.7mm" top="33.1mm" />
    <NearbyComponent name="TP81" edgeDistance="4.96mm" directions="top" freeSpaceOnLeft=">5.0mm" freeSpaceOnRight=">5.0mm" freeSpaceAbove="1.6mm" left="-33.1mm" right="-29.7mm" bottom="34.3mm" top="36.0mm" />
</CongestedRegion>

<CongestedRegion probabilityOfFailure="0.1%" left="-30.0mm" right="-29.2mm" bottom="28.4mm" top="29.3mm" width="0.8mm" height="0.9mm">
    <NearbyComponent name="C45" edgeDistance="0mm" overlapDepth="0.8mm" directions="left,right,bottom,top" regionWithinComponent left="-31.4mm" right="-29.2mm" bottom="28.4mm" top="29.3mm" />
    <NearbyComponent name="C47" edgeDistance="2.34mm" directions="top" freeSpaceOnLeft="3.3mm" freeSpaceOnRight=">5.0mm" freeSpaceAbove=">5.0mm" left="-31.4mm" right="-29.2mm" bottom="31.6mm" top="32.5mm" />
    <NearbyComponent name="C52" edgeDistance="2.34mm" directions="bottom" freeSpaceOnLeft="3.3mm" freeSpaceOnRight=">5.0mm" freeSpaceBelow=">5.0mm" left="-31.4mm" right="-29.2mm" bottom="25.2mm" top="26.1mm" />
    <NearbyComponent name="C4" edgeDistance="4.809mm" directions="left,bottom" freeSpaceOnLeft=">5.0mm" freeSpaceBelow=">5.0mm" left="-35.6mm" right="-34.7mm" bottom="25.2mm" top="27.4mm" />
    <NearbyComponent name="R41" edgeDistance="4.946mm" directions="left,top" freeSpaceOnLeft=">5.0mm" freeSpaceAbove="3.3mm" left="-35.6mm" right="-34.7mm" bottom="30.7mm" top="33.1mm" />
    <NearbyComponent name="TP81" edgeDistance="4.96mm" directions="top" freeSpaceOnLeft=">5.0mm" freeSpaceOnRight=">5.0mm" freeSpaceAbove="1.6mm" left="-33.1mm" right="-29.7mm" bottom="34.3mm" top="36.0mm" />
</CongestedRegion>

<CongestedRegion probabilityOfFailure="0.1%" left="23.4mm" right="24.3mm" bottom="18.9mm" top="19.7mm" width="0.9mm" height="0.8mm">
    <NearbyComponent name="C46" edgeDistance="0mm" overlapDepth="0.8mm" directions="left,right,bottom,top" regionWithinComponent left="23.4mm" right="24.3mm" bottom="18.9mm" top="21.1mm" />
    <NearbyComponent name="TP18" edgeDistance="2.441mm" directions="right,bottom" freeSpaceOnRight=">5.0mm" freeSpaceBelow=">5.0mm" left="26.7mm" right="30.1mm" bottom="16.4mm" top="18.2mm" />
    <NearbyComponent name="C15" edgeDistance="2.7mm" directions="left" freeSpaceOnLeft=">5.0mm" freeSpaceAbove=">5.0mm" freeSpaceBelow=">5.0mm" left="19.8mm" right="20.7mm" bottom="18.9mm" top="21.1mm" />
</CongestedRegion>

<CongestedRegion probabilityOfFailure="0.1%" left="23.4mm" right="24.3mm" bottom="20.3mm" top="21.1mm" width="0.9mm" height="0.8mm">
    <NearbyComponent name="C46" edgeDistance="0mm" overlapDepth="0.8mm" directions="left,right,bottom,top" regionWithinComponent left="23.4mm" right="24.3mm" bottom="18.9mm" top="21.1mm" />
    <NearbyComponent name="C15" edgeDistance="2.7mm" directions="left" freeSpaceOnLeft=">5.0mm" freeSpaceAbove=">5.0mm" freeSpaceBelow=">5.0mm" left="19.8mm" right="20.7mm" bottom="18.9mm" top="21.1mm" />
    <NearbyComponent name="TP18" edgeDistance="3.147mm" directions="right,bottom" freeSpaceOnRight=">5.0mm" freeSpaceBelow=">5.0mm" left="26.7mm" right="30.1mm" bottom="16.4mm" top="18.2mm" />
</CongestedRegion>

<CongestedRegion probabilityOfFailure="0.1%" left="-30.0mm" right="-29.2mm" bottom="31.6mm" top="32.5mm" width="0.8mm" height="0.9mm">
    <NearbyComponent name="C47" edgeDistance="0mm" overlapDepth="0.8mm" directions="left,right,bottom,top" regionWithinComponent left="-31.4mm" right="-29.2mm" bottom="31.6mm" top="32.5mm" />
    <NearbyComponent name="TP81" edgeDistance="1.72mm" directions="top" freeSpaceOnLeft=">5.0mm" freeSpaceOnRight=">5.0mm" freeSpaceAbove="1.6mm" left="-33.1mm" right="-29.7mm" bottom="34.3mm" top="36.0mm" />
    <NearbyComponent name="C45" edgeDistance="2.34mm" directions="bottom" freeSpaceOnLeft=">5.0mm" freeSpaceOnRight=">5.0mm" freeSpaceBelow=">5.0mm" left="-31.4mm" right="-29.2mm" bottom="28.4mm" top="29.3mm" />
    <NearbyComponent name="R41" edgeDistance="4.728mm" directions="left" freeSpaceOnLeft=">5.0mm" freeSpaceAbove="3.3mm" freeSpaceBelow="3.3mm" left="-35.6mm" right="-34.7mm" bottom="30.7mm" top="33.1mm" />
</CongestedRegion>

<CongestedRegion probabilityOfFailure="0.1%" left="6.3mm" right="7.1mm" bottom="48.6mm" top="49.5mm" width="0.8mm" height="0.9mm">
    <NearbyComponent name="C48" edgeDistance="0mm" overlapDepth="0.8mm" directions="left,right,bottom,top" regionWithinComponent left="4.9mm" right="7.1mm" bottom="48.6mm" top="49.5mm" />
    <NearbyComponent name="C16" edgeDistance="4.28mm" directions="right" freeSpaceOnRight="4.3mm" freeSpaceAbove=">5.0mm" freeSpaceBelow=">5.0mm" left="11.4mm" right="13.6mm" bottom="48.6mm" top="49.5mm" />
</CongestedRegion>

<CongestedRegion probabilityOfFailure="0.1%" left="-25.7mm" right="-24.9mm" bottom="46.0mm" top="46.9mm" width="0.8mm" height="0.9mm">
    <NearbyComponent name="C50" edgeDistance="0mm" overlapDepth="0.8mm" directions="left,right,bottom,top" regionWithinComponent left="-27.1mm" right="-24.9mm" bottom="46.0mm" top="46.9mm" />
    <NearbyComponent name="P2" edgeDistance="0mm" overlapDepth="0.541mm" directions="left,right,top" freeSpaceAbove="0.0mm" left="-33.6mm" right="-7.5mm" bottom="46.4mm" top="50.9mm" />
    <NearbyComponent name="C34" edgeDistance="1.8mm" directions="top" freeSpaceOnLeft="0.0mm" freeSpaceOnRight="0.0mm" freeSpaceAbove="0.0mm" left="-27.1mm" right="-24.9mm" bottom="48.7mm" top="49.6mm" />
    <NearbyComponent name="Q8" edgeDistance="3.06mm" directions="bottom" freeSpaceOnLeft="4.8mm" freeSpaceOnRight=">5.0mm" freeSpaceBelow=">5.0mm" left="-28.9mm" right="-25.6mm" bottom="40.3mm" top="43.0mm" />
</CongestedRegion>

<CongestedRegion probabilityOfFailure="0.1%" left="-27.1mm" right="-26.3mm" bottom="46.0mm" top="46.9mm" width="0.8mm" height="0.9mm">
    <NearbyComponent name="C50" edgeDistance="0mm" overlapDepth="0.8mm" directions="left,right,bottom,top" regionWithinComponent left="-27.1mm" right="-24.9mm" bottom="46.0mm" top="46.9mm" />
    <NearbyComponent name="P2" edgeDistance="0mm" overlapDepth="0.541mm" directions="left,right,top" freeSpaceAbove="0.0mm" left="-33.6mm" right="-7.5mm" bottom="46.4mm" top="50.9mm" />
    <NearbyComponent name="C34" edgeDistance="1.8mm" directions="top" freeSpaceOnLeft="0.0mm" freeSpaceOnRight="0.0mm" freeSpaceAbove="0.0mm" left="-27.1mm" right="-24.9mm" bottom="48.7mm" top="49.6mm" />
    <NearbyComponent name="Q8" edgeDistance="3.06mm" directions="bottom" freeSpaceOnLeft="4.8mm" freeSpaceOnRight=">5.0mm" freeSpaceBelow=">5.0mm" left="-28.9mm" right="-25.6mm" bottom="40.3mm" top="43.0mm" />
</CongestedRegion>

<CongestedRegion probabilityOfFailure="0.1%" left="18.3mm" right="19.1mm" bottom="9.5mm" top="10.4mm" width="0.8mm" height="0.9mm">
    <NearbyComponent name="C51" edgeDistance="0mm" overlapDepth="0.8mm" directions="left,right,bottom,top" regionWithinComponent left="18.3mm" right="20.5mm" bottom="9.5mm" top="10.4mm" />
    <NearbyComponent name="C6" edgeDistance="1.98mm" directions="top" freeSpaceOnLeft=">5.0mm" freeSpaceOnRight=">5.0mm" freeSpaceAbove=">5.0mm" left="18.3mm" right="20.5mm" bottom="12.4mm" top="13.3mm" />
    <NearbyComponent name="R38" edgeDistance="4.588mm" directions="left" freeSpaceOnLeft=">5.0mm" freeSpaceAbove=">5.0mm" freeSpaceBelow=">5.0mm" left="12.8mm" right="13.7mm" bottom="8.8mm" top="11.1mm" />
</CongestedRegion>

<CongestedRegion probabilityOfFailure="0.1%" left="-31.4mm" right="-30.6mm" bottom="25.2mm" top="26.1mm" width="0.8mm" height="0.9mm">
    <NearbyComponent name="C52" edgeDistance="0mm" overlapDepth="0.8mm" directions="left,right,bottom,top" regionWithinComponent left="-31.4mm" right="-29.2mm" bottom="25.2mm" top="26.1mm" />
    <NearbyComponent name="C53" edgeDistance="2.34mm" directions="bottom" freeSpaceOnLeft=">5.0mm" freeSpaceOnRight=">5.0mm" freeSpaceBelow=">5.0mm" left="-31.4mm" right="-29.2mm" bottom="21.9mm" top="22.8mm" />
    <NearbyComponent name="C45" edgeDistance="2.34mm" directions="top" freeSpaceOnLeft=">5.0mm" freeSpaceOnRight=">5.0mm" freeSpaceAbove="2.3mm" left="-31.4mm" right="-29.2mm" bottom="28.4mm" top="29.3mm" />
    <NearbyComponent name="C4" edgeDistance="3.31mm" directions="left" freeSpaceOnLeft=">5.0mm" freeSpaceAbove="3.3mm" freeSpaceBelow=">5.0mm" left="-35.6mm" right="-34.7mm" bottom="25.2mm" top="27.4mm" />
</CongestedRegion>

<CongestedRegion probabilityOfFailure="0.1%" left="-30.0mm" right="-29.2mm" bottom="25.2mm" top="26.1mm" width="0.8mm" height="0.9mm">
    <NearbyComponent name="C52" edgeDistance="0mm" overlapDepth="0.8mm" directions="left,right,bottom,top" regionWithinComponent left="-31.4mm" right="-29.2mm" bottom="25.2mm" top="26.1mm" />
    <NearbyComponent name="C53" edgeDistance="2.34mm" directions="bottom" freeSpaceOnLeft=">5.0mm" freeSpaceOnRight=">5.0mm" freeSpaceBelow=">5.0mm" left="-31.4mm" right="-29.2mm" bottom="21.9mm" top="22.8mm" />
    <NearbyComponent name="C45" edgeDistance="2.34mm" directions="top" freeSpaceOnLeft=">5.0mm" freeSpaceOnRight=">5.0mm" freeSpaceAbove="2.3mm" left="-31.4mm" right="-29.2mm" bottom="28.4mm" top="29.3mm" />
    <NearbyComponent name="C4" edgeDistance="4.71mm" directions="left" freeSpaceOnLeft=">5.0mm" freeSpaceAbove="3.3mm" freeSpaceBelow=">5.0mm" left="-35.6mm" right="-34.7mm" bottom="25.2mm" top="27.4mm" />
</CongestedRegion>

<CongestedRegion probabilityOfFailure="0.1%" left="-31.4mm" right="-30.6mm" bottom="21.9mm" top="22.8mm" width="0.8mm" height="0.9mm">
    <NearbyComponent name="C53" edgeDistance="0mm" overlapDepth="0.8mm" directions="left,right,bottom,top" regionWithinComponent left="-31.4mm" right="-29.2mm" bottom="21.9mm" top="22.8mm" />
    <NearbyComponent name="C52" edgeDistance="2.34mm" directions="top" freeSpaceOnLeft="3.3mm" freeSpaceOnRight=">5.0mm" freeSpaceAbove=">5.0mm" left="-31.4mm" right="-29.2mm" bottom="25.2mm" top="26.1mm" />
    <NearbyComponent name="EM7" edgeDistance="2.898mm" directions="bottom" freeSpaceOnLeft="3.3mm" freeSpaceOnRight=">5.0mm" freeSpaceBelow=">5.0mm" left="-31.4mm" right="-29.2mm" bottom="18.2mm" top="19.0mm" />
    <NearbyComponent name="C4" edgeDistance="4.094mm" directions="left,top" freeSpaceOnLeft=">5.0mm" freeSpaceAbove="3.3mm" left="-35.6mm" right="-34.7mm" bottom="25.2mm" top="27.4mm" />
    <NearbyComponent name="R29" edgeDistance="4.41mm" directions="left,bottom" freeSpaceOnLeft=">5.0mm" freeSpaceBelow=">5.0mm" left="-35.6mm" right="-34.7mm" bottom="16.7mm" top="19.0mm" />
</CongestedRegion>

<CongestedRegion probabilityOfFailure="0.1%" left="-30.0mm" right="-29.2mm" bottom="21.9mm" top="22.8mm" width="0.8mm" height="0.9mm">
    <NearbyComponent name="C53" edgeDistance="0mm" overlapDepth="0.8mm" directions="left,right,bottom,top" regionWithinComponent left="-31.4mm" right="-29.2mm" bottom="21.9mm" top="22.8mm" />
    <NearbyComponent name="C52" edgeDistance="2.34mm" directions="top" freeSpaceOnLeft="3.3mm" freeSpaceOnRight=">5.0mm" freeSpaceAbove=">5.0mm" left="-31.4mm" right="-29.2mm" bottom="25.2mm" top="26.1mm" />
    <NearbyComponent name="EM7" edgeDistance="2.898mm" directions="bottom" freeSpaceOnLeft="3.3mm" freeSpaceOnRight=">5.0mm" freeSpaceBelow=">5.0mm" left="-31.4mm" right="-29.2mm" bottom="18.2mm" top="19.0mm" />
</CongestedRegion>

<CongestedRegion probabilityOfFailure="0.1%" left="-58.6mm" right="-57.8mm" bottom="20.5mm" top="21.4mm" width="0.8mm" height="0.9mm">
    <NearbyComponent name="C62" edgeDistance="0mm" overlapDepth="0.8mm" directions="left,right,bottom,top" regionWithinComponent left="-58.6mm" right="-56.4mm" bottom="20.5mm" top="21.4mm" />
    <NearbyComponent name="U11" edgeDistance="1.43mm" directions="left" freeSpaceOnLeft=">5.0mm" freeSpaceAbove="4.1mm" freeSpaceBelow="3.3mm" left="-62.5mm" right="-60.0mm" bottom="20.6mm" top="24.4mm" />
    <NearbyComponent name="C43" edgeDistance="2.34mm" directions="top" freeSpaceOnLeft="1.4mm" freeSpaceOnRight=">5.0mm" freeSpaceAbove="4.1mm" left="-58.6mm" right="-56.4mm" bottom="23.7mm" top="24.6mm" />
    <NearbyComponent name="VR1" edgeDistance="2.847mm" directions="right,bottom" freeSpaceOnRight="1.2mm" freeSpaceBelow=">5.0mm" left="-55.0mm" right="-51.9mm" bottom="15.4mm" top="20.0mm" />
    <NearbyComponent name="TP13" edgeDistance="3.16mm" directions="bottom" freeSpaceOnLeft="2.9mm" freeSpaceOnRight="2.8mm" freeSpaceBelow=">5.0mm" left="-61.2mm" right="-57.8mm" bottom="15.5mm" top="17.3mm" />
</CongestedRegion>

<CongestedRegion probabilityOfFailure="0.1%" left="-57.2mm" right="-56.4mm" bottom="20.5mm" top="21.4mm" width="0.8mm" height="0.9mm">
    <NearbyComponent name="C62" edgeDistance="0mm" overlapDepth="0.8mm" directions="left,right,bottom,top" regionWithinComponent left="-58.6mm" right="-56.4mm" bottom="20.5mm" top="21.4mm" />
    <NearbyComponent name="VR1" edgeDistance="1.492mm" directions="right,bottom" freeSpaceOnRight="1.2mm" freeSpaceBelow=">5.0mm" left="-55.0mm" right="-51.9mm" bottom="15.4mm" top="20.0mm" />
    <NearbyComponent name="C43" edgeDistance="2.34mm" directions="top" freeSpaceOnLeft="1.4mm" freeSpaceOnRight=">5.0mm" freeSpaceAbove="4.1mm" left="-58.6mm" right="-56.4mm" bottom="23.7mm" top="24.6mm" />
    <NearbyComponent name="U11" edgeDistance="2.83mm" directions="left" freeSpaceOnLeft=">5.0mm" freeSpaceAbove="4.1mm" freeSpaceBelow="3.3mm" left="-62.5mm" right="-60.0mm" bottom="20.6mm" top="24.4mm" />
    <NearbyComponent name="TP13" edgeDistance="3.21mm" directions="left,bottom" freeSpaceOnLeft="2.9mm" freeSpaceBelow=">5.0mm" left="-61.2mm" right="-57.8mm" bottom="15.5mm" top="17.3mm" />
</CongestedRegion>

<CongestedRegion probabilityOfFailure="0.1%" left="90.6mm" right="91.4mm" bottom="28.6mm" top="29.5mm" width="0.8mm" height="0.9mm">
    <NearbyComponent name="C63" edgeDistance="0mm" overlapDepth="0.8mm" directions="left,right,bottom,top" regionWithinComponent left="90.6mm" right="92.8mm" bottom="28.6mm" top="29.5mm" />
    <NearbyComponent name="TP8" edgeDistance="0.318mm" directions="top" freeSpaceOnLeft=">5.0mm" freeSpaceOnRight=">5.0mm" freeSpaceAbove=">5.0mm" left="91.0mm" right="94.4mm" bottom="29.8mm" top="31.6mm" />
    <NearbyComponent name="TP1" edgeDistance="1.5mm" directions="bottom" freeSpaceOnLeft=">5.0mm" freeSpaceOnRight=">5.0mm" freeSpaceBelow=">5.0mm" left="88.6mm" right="92.0mm" bottom="25.3mm" top="27.1mm" />
    <NearbyComponent name="C68" edgeDistance="4.82mm" directions="left" freeSpaceOnLeft="0.0mm" freeSpaceAbove="0.0mm" freeSpaceBelow="0.0mm" left="83.6mm" right="85.8mm" bottom="28.6mm" top="29.5mm" />
    <NearbyComponent name="TP0" edgeDistance="4.836mm" directions="right,bottom" freeSpaceOnRight=">5.0mm" freeSpaceBelow=">5.0mm" left="94.8mm" right="98.2mm" bottom="23.3mm" top="25.1mm" />
</CongestedRegion>

<CongestedRegion probabilityOfFailure="0.1%" left="-81.1mm" right="-80.3mm" bottom="44.1mm" top="45.0mm" width="0.8mm" height="0.9mm">
    <NearbyComponent name="C64" edgeDistance="0mm" overlapDepth="0.8mm" directions="left,right,bottom,top" regionWithinComponent left="-81.1mm" right="-78.9mm" bottom="44.1mm" top="45.0mm" />
    <NearbyComponent name="TP9" edgeDistance="3.707mm" directions="left,bottom" freeSpaceOnLeft=">5.0mm" freeSpaceBelow=">5.0mm" left="-88.0mm" right="-84.5mm" bottom="40.9mm" top="42.7mm" />
    <NearbyComponent name="R44" edgeDistance="4.583mm" directions="left" freeSpaceOnLeft=">5.0mm" freeSpaceAbove=">5.0mm" freeSpaceBelow=">5.0mm" left="-88.0mm" right="-85.7mm" bottom="44.1mm" top="44.9mm" />
</CongestedRegion>

<CongestedRegion probabilityOfFailure="0.1%" left="106.8mm" right="107.6mm" bottom="28.6mm" top="29.5mm" width="0.8mm" height="0.9mm">
    <NearbyComponent name="C73" edgeDistance="0mm" overlapDepth="0.8mm" directions="left,bottom,top" freeSpaceOnLeft=">5.0mm" left="105.4mm" right="107.6mm" bottom="28.6mm" top="29.5mm" />
    <NearbyComponent name="C79" edgeDistance="3.6mm" directions="bottom" freeSpaceOnLeft=">5.0mm" freeSpaceOnRight=">5.0mm" freeSpaceBelow=">5.0mm" left="105.4mm" right="107.6mm" bottom="24.1mm" top="25.0mm" />
</CongestedRegion>

<CongestedRegion probabilityOfFailure="0.1%" left="-85.8mm" right="-84.9mm" bottom="26.4mm" top="27.2mm" width="0.9mm" height="0.8mm">
    <NearbyComponent name="C74" edgeDistance="0mm" overlapDepth="0.8mm" directions="left,right,bottom,top" regionWithinComponent left="-85.8mm" right="-84.9mm" bottom="25.0mm" top="27.2mm" />
    <NearbyComponent name="C77" edgeDistance="2.7mm" directions="right" freeSpaceOnRight=">5.0mm" freeSpaceAbove=">5.0mm" freeSpaceBelow=">5.0mm" left="-82.2mm" right="-81.3mm" bottom="25.0mm" top="27.2mm" />
</CongestedRegion>

<CongestedRegion probabilityOfFailure="0.1%" left="-104.9mm" right="-104.1mm" bottom="21.9mm" top="22.8mm" width="0.8mm" height="0.9mm">
    <NearbyComponent name="C75" edgeDistance="0mm" overlapDepth="0.8mm" directions="left,bottom,top" freeSpaceOnLeft=">5.0mm" left="-106.3mm" right="-104.1mm" bottom="21.9mm" top="22.8mm" />
    <NearbyComponent name="TP5" edgeDistance="3.417mm" directions="left,bottom" freeSpaceOnLeft=">5.0mm" freeSpaceBelow=">5.0mm" left="-111.7mm" right="-108.3mm" bottom="19.7mm" top="21.5mm" />
</CongestedRegion>

<CongestedRegion probabilityOfFailure="0.1%" left="-78.6mm" right="-77.7mm" bottom="25.0mm" top="25.8mm" width="0.9mm" height="0.8mm">
    <NearbyComponent name="C76" edgeDistance="0mm" overlapDepth="0.8mm" directions="left,right,bottom,top" regionWithinComponent left="-78.6mm" right="-77.7mm" bottom="25.0mm" top="27.2mm" />
    <NearbyComponent name="C77" edgeDistance="2.7mm" directions="left" freeSpaceOnLeft=">5.0mm" freeSpaceAbove=">5.0mm" freeSpaceBelow=">5.0mm" left="-82.2mm" right="-81.3mm" bottom="25.0mm" top="27.2mm" />
    <NearbyComponent name="R60" edgeDistance="4.498mm" directions="bottom" freeSpaceOnLeft=">5.0mm" freeSpaceOnRight=">5.0mm" freeSpaceBelow="4.1mm" left="-78.0mm" right="-75.7mm" bottom="19.7mm" top="20.5mm" />
</CongestedRegion>

<CongestedRegion probabilityOfFailure="0.1%" left="-82.2mm" right="-81.3mm" bottom="25.0mm" top="25.8mm" width="0.9mm" height="0.8mm">
    <NearbyComponent name="C77" edgeDistance="0mm" overlapDepth="0.8mm" directions="left,right,bottom,top" regionWithinComponent left="-82.2mm" right="-81.3mm" bottom="25.0mm" top="27.2mm" />
    <NearbyComponent name="C74" edgeDistance="2.7mm" directions="left" freeSpaceOnLeft=">5.0mm" freeSpaceAbove=">5.0mm" freeSpaceBelow=">5.0mm" left="-85.8mm" right="-84.9mm" bottom="25.0mm" top="27.2mm" />
    <NearbyComponent name="C76" edgeDistance="2.7mm" directions="right" freeSpaceOnRight=">5.0mm" freeSpaceAbove=">5.0mm" freeSpaceBelow="4.5mm" left="-78.6mm" right="-77.7mm" bottom="25.0mm" top="27.2mm" />
</CongestedRegion>

<CongestedRegion probabilityOfFailure="0.1%" left="-82.2mm" right="-81.3mm" bottom="26.4mm" top="27.2mm" width="0.9mm" height="0.8mm">
    <NearbyComponent name="C77" edgeDistance="0mm" overlapDepth="0.8mm" directions="left,right,bottom,top" regionWithinComponent left="-82.2mm" right="-81.3mm" bottom="25.0mm" top="27.2mm" />
    <NearbyComponent name="C74" edgeDistance="2.7mm" directions="left" freeSpaceOnLeft=">5.0mm" freeSpaceAbove=">5.0mm" freeSpaceBelow=">5.0mm" left="-85.8mm" right="-84.9mm" bottom="25.0mm" top="27.2mm" />
    <NearbyComponent name="C76" edgeDistance="2.7mm" directions="right" freeSpaceOnRight=">5.0mm" freeSpaceAbove=">5.0mm" freeSpaceBelow="4.5mm" left="-78.6mm" right="-77.7mm" bottom="25.0mm" top="27.2mm" />
</CongestedRegion>

<CongestedRegion probabilityOfFailure="0.1%" left="105.4mm" right="106.2mm" bottom="24.1mm" top="25.0mm" width="0.8mm" height="0.9mm">
    <NearbyComponent name="C79" edgeDistance="0mm" overlapDepth="0.8mm" directions="left,right,bottom,top" regionWithinComponent left="105.4mm" right="107.6mm" bottom="24.1mm" top="25.0mm" />
    <NearbyComponent name="C73" edgeDistance="3.6mm" directions="top" freeSpaceOnLeft=">5.0mm" freeSpaceOnRight=">5.0mm" freeSpaceAbove=">5.0mm" left="105.4mm" right="107.6mm" bottom="28.6mm" top="29.5mm" />
</CongestedRegion>

<CongestedRegion probabilityOfFailure="0.1%" left="106.8mm" right="107.6mm" bottom="24.1mm" top="25.0mm" width="0.8mm" height="0.9mm">
    <NearbyComponent name="C79" edgeDistance="0mm" overlapDepth="0.8mm" directions="left,bottom,top" freeSpaceOnLeft=">5.0mm" left="105.4mm" right="107.6mm" bottom="24.1mm" top="25.0mm" />
    <NearbyComponent name="C73" edgeDistance="3.6mm" directions="top" freeSpaceOnLeft=">5.0mm" freeSpaceOnRight=">5.0mm" freeSpaceAbove=">5.0mm" left="105.4mm" right="107.6mm" bottom="28.6mm" top="29.5mm" />
</CongestedRegion>

<CongestedRegion probabilityOfFailure="0.1%" left="22.6mm" right="23.4mm" bottom="48.0mm" top="48.4mm" width="0.8mm" height="0.4mm">
    <NearbyComponent name="EM1" edgeDistance="0mm" overlapDepth="0.35mm" directions="left,right,bottom,top" regionWithinComponent left="20.3mm" right="23.4mm" bottom="46.7mm" top="48.4mm" />
    <NearbyComponent name="EM3" edgeDistance="2.537mm" directions="left,top" freeSpaceOnLeft="4.3mm" freeSpaceAbove=">5.0mm" left="17.9mm" right="20.1mm" bottom="48.6mm" top="49.4mm" />
</CongestedRegion>

<CongestedRegion probabilityOfFailure="0.1%" left="22.6mm" right="23.4mm" bottom="47.4mm" top="47.7mm" width="0.8mm" height="0.4mm">
    <NearbyComponent name="EM1" edgeDistance="0mm" overlapDepth="0.35mm" directions="left,right,bottom,top" regionWithinComponent left="20.3mm" right="23.4mm" bottom="46.7mm" top="48.4mm" />
    <NearbyComponent name="EM3" edgeDistance="2.664mm" directions="left,top" freeSpaceOnLeft="4.3mm" freeSpaceAbove=">5.0mm" left="17.9mm" right="20.1mm" bottom="48.6mm" top="49.4mm" />
    <NearbyComponent name="C19" edgeDistance="4.869mm" directions="right,bottom" freeSpaceOnRight=">5.0mm" freeSpaceBelow=">5.0mm" left="24.4mm" right="26.6mm" bottom="41.7mm" top="42.6mm" />
</CongestedRegion>

<CongestedRegion probabilityOfFailure="0.1%" left="35.8mm" right="36.6mm" bottom="50.7mm" top="51.1mm" width="0.8mm" height="0.4mm">
    <NearbyComponent name="EM2" edgeDistance="0mm" overlapDepth="0.35mm" directions="left,right,bottom,top" regionWithinComponent left="33.5mm" right="36.6mm" bottom="49.4mm" top="51.1mm" />
    <NearbyComponent name="C17" edgeDistance="3.225mm" directions="top" freeSpaceOnLeft=">5.0mm" freeSpaceOnRight=">5.0mm" freeSpaceAbove=">5.0mm" left="35.9mm" right="38.1mm" bottom="54.3mm" top="55.2mm" />
    <NearbyComponent name="TP25" edgeDistance="3.612mm" directions="right,bottom" freeSpaceOnRight=">5.0mm" freeSpaceBelow="0.8mm" left="37.3mm" right="40.7mm" bottom="45.4mm" top="47.2mm" />
</CongestedRegion>

<CongestedRegion probabilityOfFailure="0.1%" left="-57.0mm" right="-56.5mm" bottom="38.5mm" top="39.6mm" width="0.5mm" height="1.1mm">
    <NearbyComponent name="Q7" edgeDistance="0mm" overlapDepth="0.532mm" directions="left,right,bottom,top" regionWithinComponent left="-58.0mm" right="-55.6mm" bottom="38.5mm" top="41.9mm" />
    <NearbyComponent name="R68" edgeDistance="0mm" overlapDepth="0.518mm" directions="right,bottom,top" freeSpaceOnRight="0.0mm" left="-57.0mm" right="-56.2mm" bottom="37.8mm" top="40.1mm" />
    <NearbyComponent name="TP12" edgeDistance="2.737mm" directions="right" freeSpaceOnRight=">5.0mm" freeSpaceAbove=">5.0mm" freeSpaceBelow=">5.0mm" left="-53.8mm" right="-50.3mm" bottom="39.5mm" top="41.3mm" />
</CongestedRegion>

<CongestedRegion probabilityOfFailure="0.1%" left="-56.1mm" right="-55.6mm" bottom="40.8mm" top="41.9mm" width="0.5mm" height="1.1mm">
    <NearbyComponent name="Q7" edgeDistance="0mm" overlapDepth="0.532mm" directions="left,right,bottom,top" regionWithinComponent left="-58.0mm" right="-55.6mm" bottom="38.5mm" top="41.9mm" />
    <NearbyComponent name="R68" edgeDistance="0.72mm" directions="left,bottom" freeSpaceOnLeft="0.0mm" freeSpaceBelow="0.0mm" left="-57.0mm" right="-56.2mm" bottom="37.8mm" top="40.1mm" />
    <NearbyComponent name="TP12" edgeDistance="1.787mm" directions="right" freeSpaceOnRight=">5.0mm" freeSpaceAbove=">5.0mm" freeSpaceBelow=">5.0mm" left="-53.8mm" right="-50.3mm" bottom="39.5mm" top="41.3mm" />
    <NearbyComponent name="Z58" edgeDistance="3.805mm" directions="top" freeSpaceOnLeft="4.5mm" freeSpaceOnRight=">5.0mm" freeSpaceAbove=">5.0mm" left="-57.9mm" right="-55.7mm" bottom="45.7mm" top="46.6mm" />
</CongestedRegion>

<CongestedRegion probabilityOfFailure="0.1%" left="-26.6mm" right="-25.6mm" bottom="41.2mm" top="42.0mm" width="1.0mm" height="0.8mm">
    <NearbyComponent name="Q8" edgeDistance="0mm" overlapDepth="0.8mm" directions="left,bottom,top" freeSpaceOnLeft="4.8mm" left="-28.9mm" right="-25.6mm" bottom="40.3mm" top="43.0mm" />
    <NearbyComponent name="TP80" edgeDistance="3.548mm" directions="left,bottom" freeSpaceOnLeft="0.6mm" freeSpaceBelow="1.6mm" left="-33.1mm" right="-29.7mm" bottom="37.7mm" top="39.5mm" />
    <NearbyComponent name="C50" edgeDistance="4.01mm" directions="top" freeSpaceOnLeft="0.0mm" freeSpaceOnRight="0.0mm" freeSpaceAbove="0.0mm" left="-27.1mm" right="-24.9mm" bottom="46.0mm" top="46.9mm" />
    <NearbyComponent name="P2" edgeDistance="4.369mm" directions="top" freeSpaceOnLeft="0.0mm" freeSpaceOnRight="0.0mm" freeSpaceAbove="0.0mm" left="-33.6mm" right="-7.5mm" bottom="46.4mm" top="50.9mm" />
</CongestedRegion>

<CongestedRegion probabilityOfFailure="0.1%" left="-35.6mm" right="-34.7mm" bottom="36.3mm" top="37.1mm" width="0.9mm" height="0.8mm">
    <NearbyComponent name="R1" edgeDistance="0mm" overlapDepth="0.806mm" directions="left,right,bottom,top" regionWithinComponent left="-35.6mm" right="-34.7mm" bottom="36.3mm" top="38.6mm" />
    <NearbyComponent name="C11" edgeDistance="1.34mm" directions="top" freeSpaceOnLeft="0.0mm" freeSpaceOnRight="0.0mm" freeSpaceAbove="0.0mm" left="-35.9mm" right="-33.7mm" bottom="38.5mm" top="39.4mm" />
    <NearbyComponent name="TP81" edgeDistance="1.659mm" directions="right,bottom" freeSpaceOnRight=">5.0mm" freeSpaceBelow="1.7mm" left="-33.1mm" right="-29.7mm" bottom="34.3mm" top="36.0mm" />
    <NearbyComponent name="TP80" edgeDistance="1.72mm" directions="right,top" freeSpaceOnRight=">5.0mm" freeSpaceAbove=">5.0mm" left="-33.1mm" right="-29.7mm" bottom="37.7mm" top="39.5mm" />
    <NearbyComponent name="R41" edgeDistance="3.267mm" directions="bottom" freeSpaceOnLeft=">5.0mm" freeSpaceOnRight="3.3mm" freeSpaceBelow="3.3mm" left="-35.6mm" right="-34.7mm" bottom="30.7mm" top="33.1mm" />
    <NearbyComponent name="C3" edgeDistance="4.83mm" directions="top" freeSpaceOnLeft="0.0mm" freeSpaceOnRight="0.0mm" freeSpaceAbove="0.0mm" left="-35.6mm" right="-34.7mm" bottom="42.0mm" top="44.2mm" />
</CongestedRegion>

<CongestedRegion probabilityOfFailure="0.1%" left="-35.6mm" right="-34.7mm" bottom="37.8mm" top="38.6mm" width="0.9mm" height="0.8mm">
    <NearbyComponent name="R1" edgeDistance="0mm" overlapDepth="0.806mm" directions="left,right,bottom,top" regionWithinComponent left="-35.6mm" right="-34.7mm" bottom="36.3mm" top="38.6mm" />
    <NearbyComponent name="C11" edgeDistance="0mm" overlapDepth="0.167mm" directions="left,right,top" freeSpaceAbove="0.0mm" left="-35.9mm" right="-33.7mm" bottom="38.5mm" top="39.4mm" />
    <NearbyComponent name="TP80" edgeDistance="1.633mm" directions="right" freeSpaceOnRight=">5.0mm" freeSpaceAbove=">5.0mm" freeSpaceBelow="1.6mm" left="-33.1mm" right="-29.7mm" bottom="37.7mm" top="39.5mm" />
    <NearbyComponent name="TP81" edgeDistance="2.43mm" directions="right,bottom" freeSpaceOnRight=">5.0mm" freeSpaceBelow="1.7mm" left="-33.1mm" right="-29.7mm" bottom="34.3mm" top="36.0mm" />
    <NearbyComponent name="C3" edgeDistance="3.323mm" directions="top" freeSpaceOnLeft="0.0mm" freeSpaceOnRight="0.0mm" freeSpaceAbove="0.0mm" left="-35.6mm" right="-34.7mm" bottom="42.0mm" top="44.2mm" />
    <NearbyComponent name="C13" edgeDistance="3.973mm" directions="top" freeSpaceOnLeft="0.0mm" freeSpaceOnRight="0.0mm" freeSpaceAbove="0.0mm" left="-35.9mm" right="-33.7mm" bottom="42.6mm" top="43.5mm" />
    <NearbyComponent name="R41" edgeDistance="4.774mm" directions="bottom" freeSpaceOnLeft=">5.0mm" freeSpaceOnRight="3.3mm" freeSpaceBelow="3.3mm" left="-35.6mm" right="-34.7mm" bottom="30.7mm" top="33.1mm" />
</CongestedRegion>

<CongestedRegion probabilityOfFailure="0.1%" left="-38.7mm" right="-37.8mm" bottom="10.7mm" top="11.5mm" width="0.9mm" height="0.8mm">
    <NearbyComponent name="R6" edgeDistance="0mm" overlapDepth="0.806mm" directions="left,right,bottom,top" regionWithinComponent left="-38.7mm" right="-37.8mm" bottom="9.1mm" top="11.5mm" />
    <NearbyComponent name="TP21" edgeDistance="0.553mm" directions="left,bottom" freeSpaceOnLeft=">5.0mm" freeSpaceBelow=">5.0mm" left="-42.6mm" right="-39.2mm" bottom="8.9mm" top="10.7mm" />
    <NearbyComponent name="R2" edgeDistance="2.196mm" directions="right" freeSpaceOnRight=">5.0mm" freeSpaceAbove=">5.0mm" freeSpaceBelow=">5.0mm" left="-35.6mm" right="-34.7mm" bottom="9.1mm" top="11.5mm" />
</CongestedRegion>

<CongestedRegion probabilityOfFailure="0.1%" left="-55.9mm" right="-55.1mm" bottom="26.4mm" top="27.2mm" width="0.9mm" height="0.8mm">
    <NearbyComponent name="R7" edgeDistance="0mm" overlapDepth="0.806mm" directions="left,right,bottom,top" regionWithinComponent left="-55.9mm" right="-55.1mm" bottom="26.4mm" top="28.7mm" />
    <NearbyComponent name="U16" edgeDistance="1.488mm" directions="top" freeSpaceOnLeft="0.0mm" freeSpaceOnRight="0.0mm" freeSpaceAbove="0.0mm" left="-60.9mm" right="-54.1mm" bottom="28.7mm" top="32.9mm" />
    <NearbyComponent name="C43" edgeDistance="1.868mm" directions="left,bottom" freeSpaceOnLeft="1.4mm" freeSpaceBelow=">5.0mm" left="-58.6mm" right="-56.4mm" bottom="23.7mm" top="24.6mm" />
    <NearbyComponent name="U11" edgeDistance="4.535mm" directions="left,bottom" freeSpaceOnLeft=">5.0mm" freeSpaceBelow="3.3mm" left="-62.5mm" right="-60.0mm" bottom="20.6mm" top="24.4mm" />
    <NearbyComponent name="C61" edgeDistance="4.607mm" directions="left,top" freeSpaceOnLeft="0.0mm" freeSpaceAbove="0.0mm" left="-62.6mm" right="-60.4mm" bottom="28.6mm" top="29.5mm" />
</CongestedRegion>

<CongestedRegion probabilityOfFailure="0.1%" left="-55.9mm" right="-55.1mm" bottom="27.9mm" top="28.7mm" width="0.9mm" height="0.8mm">
    <NearbyComponent name="R7" edgeDistance="0mm" overlapDepth="0.806mm" directions="left,right,bottom" freeSpaceBelow="0.0mm" left="-55.9mm" right="-55.1mm" bottom="26.4mm" top="28.7mm" />
    <NearbyComponent name="U16" edgeDistance="0mm" overlapDepth="0.019mm" directions="left,right,top" freeSpaceAbove="0.0mm" left="-60.9mm" right="-54.1mm" bottom="28.7mm" top="32.9mm" />
    <NearbyComponent name="C43" edgeDistance="3.35mm" directions="left,bottom" freeSpaceOnLeft="1.4mm" freeSpaceBelow=">5.0mm" left="-58.6mm" right="-56.4mm" bottom="23.7mm" top="24.6mm" />
    <NearbyComponent name="C61" edgeDistance="4.408mm" directions="left" freeSpaceOnLeft="0.0mm" freeSpaceAbove="0.0mm" freeSpaceBelow="0.0mm" left="-62.6mm" right="-60.4mm" bottom="28.6mm" top="29.5mm" />
</CongestedRegion>

<CongestedRegion probabilityOfFailure="0.1%" left="-35.6mm" right="-34.7mm" bottom="16.7mm" top="17.5mm" width="0.9mm" height="0.8mm">
    <NearbyComponent name="R29" edgeDistance="0mm" overlapDepth="0.806mm" directions="left,right,bottom,top" regionWithinComponent left="-35.6mm" right="-34.7mm" bottom="16.7mm" top="19.0mm" />
    <NearbyComponent name="C30" edgeDistance="2.178mm" directions="left" freeSpaceOnLeft=">5.0mm" freeSpaceAbove=">5.0mm" freeSpaceBelow=">5.0mm" left="-38.7mm" right="-37.8mm" bottom="16.8mm" top="19.0mm" />
    <NearbyComponent name="EM7" edgeDistance="3.389mm" directions="right,top" freeSpaceOnRight=">5.0mm" freeSpaceAbove=">5.0mm" left="-31.4mm" right="-29.2mm" bottom="18.2mm" top="19.0mm" />
</CongestedRegion>

<CongestedRegion probabilityOfFailure="0.1%" left="-35.6mm" right="-34.7mm" bottom="18.2mm" top="19.0mm" width="0.9mm" height="0.8mm">
    <NearbyComponent name="R29" edgeDistance="0mm" overlapDepth="0.806mm" directions="left,right,bottom" freeSpaceBelow=">5.0mm" left="-35.6mm" right="-34.7mm" bottom="16.7mm" top="19.0mm" />
    <NearbyComponent name="C30" edgeDistance="2.178mm" directions="left" freeSpaceOnLeft=">5.0mm" freeSpaceAbove=">5.0mm" freeSpaceBelow=">5.0mm" left="-38.7mm" right="-37.8mm" bottom="16.8mm" top="19.0mm" />
    <NearbyComponent name="EM7" edgeDistance="3.328mm" directions="right" freeSpaceOnRight=">5.0mm" freeSpaceAbove=">5.0mm" freeSpaceBelow=">5.0mm" left="-31.4mm" right="-29.2mm" bottom="18.2mm" top="19.0mm" />
    <NearbyComponent name="C53" edgeDistance="4.41mm" directions="right,top" freeSpaceOnRight=">5.0mm" freeSpaceAbove=">5.0mm" left="-31.4mm" right="-29.2mm" bottom="21.9mm" top="22.8mm" />
</CongestedRegion>

<CongestedRegion probabilityOfFailure="0.1%" left="42.7mm" right="43.6mm" bottom="42.5mm" top="43.3mm" width="0.9mm" height="0.8mm">
    <NearbyComponent name="R35" edgeDistance="0mm" overlapDepth="0.806mm" directions="left,right,bottom,top" regionWithinComponent left="42.7mm" right="43.6mm" bottom="41.0mm" top="43.3mm" />
    <NearbyComponent name="U2" edgeDistance="0mm" overlapDepth="0.806mm" directions="left,right,bottom,top" regionWithinComponent left="32.0mm" right="49.2mm" bottom="31.8mm" top="44.6mm" />
    <NearbyComponent name="TP25" edgeDistance="2.89mm" directions="left,top" freeSpaceOnLeft=">5.0mm" freeSpaceAbove=">5.0mm" left="37.3mm" right="40.7mm" bottom="45.4mm" top="47.2mm" />
    <NearbyComponent name="R65" edgeDistance="3.712mm" directions="right,bottom" freeSpaceOnRight="0.0mm" freeSpaceBelow="0.0mm" left="47.0mm" right="47.9mm" bottom="38.8mm" top="41.2mm" />
</CongestedRegion>

<CongestedRegion probabilityOfFailure="0.1%" left="-35.6mm" right="-34.7mm" bottom="30.7mm" top="31.6mm" width="0.9mm" height="0.8mm">
    <NearbyComponent name="R41" edgeDistance="0mm" overlapDepth="0.806mm" directions="left,right,bottom,top" regionWithinComponent left="-35.6mm" right="-34.7mm" bottom="30.7mm" top="33.1mm" />
    <NearbyComponent name="TP81" edgeDistance="3.156mm" directions="right,top" freeSpaceOnRight=">5.0mm" freeSpaceAbove="1.6mm" left="-33.1mm" right="-29.7mm" bottom="34.3mm" top="36.0mm" />
    <NearbyComponent name="C4" edgeDistance="3.323mm" directions="bottom" freeSpaceOnLeft=">5.0mm" freeSpaceOnRight="3.3mm" freeSpaceBelow=">5.0mm" left="-35.6mm" right="-34.7mm" bottom="25.2mm" top="27.4mm" />
    <NearbyComponent name="C47" edgeDistance="3.329mm" directions="right,top" freeSpaceOnRight=">5.0mm" freeSpaceAbove=">5.0mm" left="-31.4mm" right="-29.2mm" bottom="31.6mm" top="32.5mm" />
    <NearbyComponent name="C45" edgeDistance="3.631mm" directions="right,bottom" freeSpaceOnRight=">5.0mm" freeSpaceBelow=">5.0mm" left="-31.4mm" right="-29.2mm" bottom="28.4mm" top="29.3mm" />
    <NearbyComponent name="R1" edgeDistance="4.774mm" directions="top" freeSpaceOnLeft="0.0mm" freeSpaceOnRight="0.0mm" freeSpaceAbove="0.0mm" left="-35.6mm" right="-34.7mm" bottom="36.3mm" top="38.6mm" />
</CongestedRegion>

<CongestedRegion probabilityOfFailure="0.1%" left="-86.5mm" right="-85.7mm" bottom="44.1mm" top="44.9mm" width="0.8mm" height="0.9mm">
    <NearbyComponent name="R44" edgeDistance="0mm" overlapDepth="0.806mm" directions="left,right,bottom,top" regionWithinComponent left="-88.0mm" right="-85.7mm" bottom="44.1mm" top="44.9mm" />
    <NearbyComponent name="TP9" edgeDistance="1.378mm" directions="bottom" freeSpaceOnLeft=">5.0mm" freeSpaceOnRight=">5.0mm" freeSpaceBelow=">5.0mm" left="-88.0mm" right="-84.5mm" bottom="40.9mm" top="42.7mm" />
    <NearbyComponent name="C64" edgeDistance="4.583mm" directions="right" freeSpaceOnRight=">5.0mm" freeSpaceAbove=">5.0mm" freeSpaceBelow=">5.0mm" left="-81.1mm" right="-78.9mm" bottom="44.1mm" top="45.0mm" />
</CongestedRegion>

<CongestedRegion probabilityOfFailure="0.1%" left="-57.0mm" right="-56.2mm" bottom="37.8mm" top="38.6mm" width="0.9mm" height="0.8mm">
    <NearbyComponent name="R68" edgeDistance="0mm" overlapDepth="0.806mm" directions="left,right,bottom,top" regionWithinComponent left="-57.0mm" right="-56.2mm" bottom="37.8mm" top="40.1mm" />
    <NearbyComponent name="Q7" edgeDistance="0mm" overlapDepth="0.075mm" directions="left,right,top" freeSpaceAbove="0.0mm" left="-58.0mm" right="-55.6mm" bottom="38.5mm" top="41.9mm" />
    <NearbyComponent name="TP12" edgeDistance="2.555mm" directions="right,top" freeSpaceOnRight=">5.0mm" freeSpaceAbove=">5.0mm" left="-53.8mm" right="-50.3mm" bottom="39.5mm" top="41.3mm" />
    <NearbyComponent name="U16" edgeDistance="4.841mm" directions="bottom" freeSpaceOnLeft="0.0mm" freeSpaceOnRight="0.0mm" freeSpaceBelow="0.0mm" left="-60.9mm" right="-54.1mm" bottom="28.7mm" top="32.9mm" />
</CongestedRegion>

<CongestedRegion probabilityOfFailure="0.1%" left="-15.5mm" right="-14.9mm" bottom="39.7mm" top="40.8mm" width="0.6mm" height="1.1mm">
    <NearbyComponent name="U12" edgeDistance="0mm" overlapDepth="0.6mm" directions="left,right,bottom,top" regionWithinComponent left="-16.4mm" right="-13.9mm" bottom="39.7mm" top="43.5mm" />
</CongestedRegion>

<CongestedRegion probabilityOfFailure="0.1%" left="-14.5mm" right="-13.9mm" bottom="38.8mm" top="40.8mm" width="0.6mm" height="2.0mm">
    <NearbyComponent name="U12" edgeDistance="0mm" overlapDepth="0.6mm" directions="left,right,top" freeSpaceAbove="2.9mm" left="-16.4mm" right="-13.9mm" bottom="39.7mm" top="43.5mm" />
    <NearbyComponent name="C69" edgeDistance="4.67mm" directions="right" freeSpaceOnRight=">5.0mm" freeSpaceAbove=">5.0mm" freeSpaceBelow=">5.0mm" left="-9.3mm" right="-7.1mm" bottom="38.8mm" top="39.7mm" />
    <NearbyComponent name="C14" edgeDistance="4.698mm" directions="right,top" freeSpaceOnRight=">5.0mm" freeSpaceAbove="4.2mm" left="-9.3mm" right="-7.1mm" bottom="41.3mm" top="42.2mm" />
</CongestedRegion>

<CongestedRegion probabilityOfFailure="0.1%" left="-14.5mm" right="-13.9mm" bottom="42.4mm" top="43.5mm" width="0.6mm" height="1.1mm">
    <NearbyComponent name="U12" edgeDistance="0mm" overlapDepth="0.6mm" directions="left,right,bottom,top" regionWithinComponent left="-16.4mm" right="-13.9mm" bottom="39.7mm" top="43.5mm" />
    <NearbyComponent name="P2" edgeDistance="2.869mm" directions="top" freeSpaceOnLeft="0.0mm" freeSpaceOnRight="0.0mm" freeSpaceAbove="0.0mm" left="-33.6mm" right="-7.5mm" bottom="46.4mm" top="50.9mm" />
    <NearbyComponent name="C14" edgeDistance="4.674mm" directions="right,bottom" freeSpaceOnRight=">5.0mm" freeSpaceBelow=">5.0mm" left="-9.3mm" right="-7.1mm" bottom="41.3mm" top="42.2mm" />
</CongestedRegion>

<CongestedRegion probabilityOfFailure="0.1%" left="-69.5mm" right="-68.9mm" bottom="30.7mm" top="31.8mm" width="0.6mm" height="1.1mm">
    <NearbyComponent name="U15" edgeDistance="0mm" overlapDepth="0.6mm" directions="left,right,bottom,top" regionWithinComponent left="-70.4mm" right="-67.9mm" bottom="30.7mm" top="34.5mm" />
    <NearbyComponent name="C39" edgeDistance="4.13mm" directions="bottom" freeSpaceOnLeft=">5.0mm" freeSpaceOnRight=">5.0mm" freeSpaceBelow=">5.0mm" left="-70.3mm" right="-68.1mm" bottom="25.7mm" top="26.6mm" />
</CongestedRegion>

<CongestedRegion probabilityOfFailure="0.1%" left="-68.5mm" right="-67.9mm" bottom="33.4mm" top="34.5mm" width="0.6mm" height="1.1mm">
    <NearbyComponent name="U15" edgeDistance="0mm" overlapDepth="0.6mm" directions="left,right,bottom,top" regionWithinComponent left="-70.4mm" right="-67.9mm" bottom="30.7mm" top="34.5mm" />
    <NearbyComponent name="R67" edgeDistance="4.798mm" directions="right" freeSpaceOnRight=">5.0mm" freeSpaceAbove="2.7mm" freeSpaceBelow="4.0mm" left="-63.1mm" right="-62.3mm" bottom="33.4mm" top="35.8mm" />
</CongestedRegion>

<CongestedRegion probabilityOfFailure="0.1%" left="-69.5mm" right="-68.9mm" bottom="33.4mm" top="34.5mm" width="0.6mm" height="1.1mm">
    <NearbyComponent name="U15" edgeDistance="0mm" overlapDepth="0.6mm" directions="left,right,bottom,top" regionWithinComponent left="-70.4mm" right="-67.9mm" bottom="30.7mm" top="34.5mm" />
</CongestedRegion>

<CongestedRegion probabilityOfFailure="0.1%" left="-60.9mm" right="-59.9mm" bottom="28.7mm" top="29.0mm" width="1.0mm" height="0.3mm">
    <NearbyComponent name="C61" edgeDistance="0mm" overlapDepth="0.305mm" directions="left,bottom,top" freeSpaceOnLeft="0.0mm" left="-62.6mm" right="-60.4mm" bottom="28.6mm" top="29.5mm" />
    <NearbyComponent name="U16" edgeDistance="0mm" overlapDepth="0.305mm" directions="left,right,bottom,top" regionWithinComponent left="-60.9mm" right="-54.1mm" bottom="28.7mm" top="32.9mm" />
    <NearbyComponent name="R7" edgeDistance="3.978mm" directions="right" freeSpaceOnRight="0.0mm" freeSpaceAbove="0.0mm" freeSpaceBelow="0.0mm" left="-55.9mm" right="-55.1mm" bottom="26.4mm" top="28.7mm" />
    <NearbyComponent name="U11" edgeDistance="4.278mm" directions="bottom" freeSpaceOnLeft=">5.0mm" freeSpaceOnRight="1.4mm" freeSpaceBelow="3.3mm" left="-62.5mm" right="-60.0mm" bottom="20.6mm" top="24.4mm" />
    <NearbyComponent name="C43" edgeDistance="4.318mm" directions="right,bottom" freeSpaceOnRight=">5.0mm" freeSpaceBelow=">5.0mm" left="-58.6mm" right="-56.4mm" bottom="23.7mm" top="24.6mm" />
    <NearbyComponent name="R67" edgeDistance="4.628mm" directions="left,top" freeSpaceOnLeft="4.8mm" freeSpaceAbove="2.7mm" left="-63.1mm" right="-62.3mm" bottom="33.4mm" top="35.8mm" />
</CongestedRegion>

<CongestedRegion probabilityOfFailure="0.1%" left="-55.1mm" right="-54.1mm" bottom="30.7mm" top="31.0mm" width="1.0mm" height="0.3mm">
    <NearbyComponent name="U16" edgeDistance="0mm" overlapDepth="0.305mm" directions="left,right,bottom,top" regionWithinComponent left="-60.9mm" right="-54.1mm" bottom="28.7mm" top="32.9mm" />
    <NearbyComponent name="R7" edgeDistance="1.931mm" directions="left,bottom" freeSpaceOnLeft="0.0mm" freeSpaceBelow="0.0mm" left="-55.9mm" right="-55.1mm" bottom="26.4mm" top="28.7mm" />
</CongestedRegion>

<CongestedRegion probabilityOfFailure="0.1%" left="-55.1mm" right="-54.1mm" bottom="31.3mm" top="31.6mm" width="1.0mm" height="0.3mm">
    <NearbyComponent name="U16" edgeDistance="0mm" overlapDepth="0.305mm" directions="left,right,bottom,top" regionWithinComponent left="-60.9mm" right="-54.1mm" bottom="28.7mm" top="32.9mm" />
    <NearbyComponent name="R7" edgeDistance="2.581mm" directions="left,bottom" freeSpaceOnLeft="0.0mm" freeSpaceBelow="0.0mm" left="-55.9mm" right="-55.1mm" bottom="26.4mm" top="28.7mm" />
</CongestedRegion>

<CongestedRegion probabilityOfFailure="0.1%" left="-55.1mm" right="-54.1mm" bottom="32.6mm" top="32.9mm" width="1.0mm" height="0.3mm">
    <NearbyComponent name="U16" edgeDistance="0mm" overlapDepth="0.305mm" directions="left,right,bottom,top" regionWithinComponent left="-60.9mm" right="-54.1mm" bottom="28.7mm" top="32.9mm" />
    <NearbyComponent name="R7" edgeDistance="3.881mm" directions="left,bottom" freeSpaceOnLeft="0.0mm" freeSpaceBelow="0.0mm" left="-55.9mm" right="-55.1mm" bottom="26.4mm" top="28.7mm" />
    <NearbyComponent name="R68" edgeDistance="4.964mm" directions="left,top" freeSpaceOnLeft="0.0mm" freeSpaceAbove="0.0mm" left="-57.0mm" right="-56.2mm" bottom="37.8mm" top="40.1mm" />
</CongestedRegion>

<CongestedRegion probabilityOfFailure="0.1%" left="-80.6mm" right="-79.6mm" bottom="-29.0mm" top="-27.9mm" width="1.0mm" height="1.1mm">
    <NearbyComponent name="SW_START" edgeDistance="0mm" overlapDepth="1mm" directions="left,right,bottom,top" regionWithinComponent left="-80.6mm" right="-73.6mm" bottom="-29.0mm" top="-22.8mm" />
    <NearbyComponent name="Q1" edgeDistance="3.118mm" directions="left,top" freeSpaceOnLeft="4.3mm" freeSpaceAbove="3.9mm" left="-84.6mm" right="-81.1mm" bottom="-24.8mm" top="-22.3mm" />
    <NearbyComponent name="TP17" edgeDistance="4.145mm" directions="left" freeSpaceOnLeft=">5.0mm" freeSpaceAbove=">5.0mm" freeSpaceBelow=">5.0mm" left="-88.2mm" right="-84.8mm" bottom="-28.2mm" top="-26.4mm" />
</CongestedRegion>

<CongestedRegion probabilityOfFailure="0.1%" left="-98.1mm" right="-97.1mm" bottom="22.4mm" top="23.5mm" width="1.0mm" height="1.1mm">
    <NearbyComponent name="SW_UP" edgeDistance="0mm" overlapDepth="1mm" directions="left,right,bottom,top" regionWithinComponent left="-98.1mm" right="-91.1mm" bottom="22.4mm" top="28.6mm" />
</CongestedRegion>

<CongestedRegion probabilityOfFailure="0.1%" left="-76.3mm" right="-75.3mm" bottom="6.7mm" top="7.8mm" width="1.0mm" height="1.1mm">
    <NearbyComponent name="SW_RIGHT" edgeDistance="0mm" overlapDepth="1mm" directions="left,right,top" freeSpaceAbove="0.0mm" left="-82.3mm" right="-75.3mm" bottom="6.7mm" top="12.9mm" />
    <NearbyComponent name="L2" edgeDistance="0mm" overlapDepth="0.565mm" directions="left,top" freeSpaceOnLeft="0.0mm" freeSpaceAbove="0.0mm" left="-79.7mm" right="-75.8mm" bottom="7.0mm" top="9.1mm" />
    <NearbyComponent name="C37" edgeDistance="3.948mm" directions="right,bottom" freeSpaceOnRight="4.4mm" freeSpaceBelow=">5.0mm" left="-74.8mm" right="-73.9mm" bottom="0.6mm" top="2.8mm" />
    <NearbyComponent name="R73" edgeDistance="4.883mm" directions="right" freeSpaceOnRight=">5.0mm" freeSpaceAbove="4.7mm" freeSpaceBelow="2.0mm" left="-70.4mm" right="-68.1mm" bottom="7.1mm" top="7.9mm" />
</CongestedRegion>

<CongestedRegion probabilityOfFailure="0.1%" left="-98.1mm" right="-97.1mm" bottom="-9.1mm" top="-8.0mm" width="1.0mm" height="1.1mm">
    <NearbyComponent name="SW_DOWN" edgeDistance="0mm" overlapDepth="1mm" directions="left,right,bottom,top" regionWithinComponent left="-98.1mm" right="-91.1mm" bottom="-9.1mm" top="-2.9mm" />
    <NearbyComponent name="C78" edgeDistance="1.834mm" directions="right,top" freeSpaceOnRight="0.0mm" freeSpaceAbove="0.0mm" left="-95.3mm" right="-94.4mm" bottom="-7.5mm" top="-5.3mm" />
    <NearbyComponent name="TP30" edgeDistance="3.28mm" directions="right,bottom" freeSpaceOnRight=">5.0mm" freeSpaceBelow=">5.0mm" left="-94.7mm" right="-91.2mm" bottom="-13.1mm" top="-11.3mm" />
    <NearbyComponent name="TP20" edgeDistance="4.805mm" directions="left,bottom" freeSpaceOnLeft=">5.0mm" freeSpaceBelow="2.7mm" left="-102.2mm" right="-98.8mm" bottom="-15.6mm" top="-13.8mm" />
</CongestedRegion>

<CongestedRegion probabilityOfFailure="0.1%" left="-92.1mm" right="-91.1mm" bottom="-4.0mm" top="-2.9mm" width="1.0mm" height="1.1mm">
    <NearbyComponent name="SW_DOWN" edgeDistance="0mm" overlapDepth="1mm" directions="left,right,bottom" freeSpaceBelow="0.0mm" left="-98.1mm" right="-91.1mm" bottom="-9.1mm" top="-2.9mm" />
    <NearbyComponent name="R8" edgeDistance="1.341mm" directions="right,bottom" freeSpaceOnRight="4.0mm" freeSpaceBelow=">5.0mm" left="-90.7mm" right="-89.8mm" bottom="-7.6mm" top="-5.3mm" />
    <NearbyComponent name="C78" edgeDistance="2.679mm" directions="left,bottom" freeSpaceOnLeft="0.0mm" freeSpaceBelow="0.0mm" left="-95.3mm" right="-94.4mm" bottom="-7.5mm" top="-5.3mm" />
</CongestedRegion>

<CongestedRegion probabilityOfFailure="0.1%" left="-34.5mm" right="-33.7mm" bottom="38.5mm" top="39.4mm" width="0.8mm" height="0.9mm">
    <NearbyComponent name="C11" edgeDistance="0mm" overlapDepth="0.8mm" directions="left,right,bottom,top" regionWithinComponent left="-35.9mm" right="-33.7mm" bottom="38.5mm" top="39.4mm" />
    <NearbyComponent name="R1" edgeDistance="0.228mm" directions="left" freeSpaceOnLeft="0.0mm" freeSpaceAbove="0.0mm" freeSpaceBelow="0.0mm" left="-35.6mm" right="-34.7mm" bottom="36.3mm" top="38.6mm" />
    <NearbyComponent name="TP80" edgeDistance="0.605mm" directions="right" freeSpaceOnRight=">5.0mm" freeSpaceAbove=">5.0mm" freeSpaceBelow="1.6mm" left="-33.1mm" right="-29.7mm" bottom="37.7mm" top="39.5mm" />
    <NearbyComponent name="TP81" edgeDistance="2.514mm" directions="right,bottom" freeSpaceOnRight=">5.0mm" freeSpaceBelow="1.7mm" left="-33.1mm" right="-29.7mm" bottom="34.3mm" top="36.0mm" />
    <NearbyComponent name="C3" edgeDistance="2.598mm" directions="left,top" freeSpaceOnLeft="0.0mm" freeSpaceAbove="0.0mm" left="-35.6mm" right="-34.7mm" bottom="42.0mm" top="44.2mm" />
    <NearbyComponent name="C13" edgeDistance="3.24mm" directions="top" freeSpaceOnLeft="0.0mm" freeSpaceOnRight="0.0mm" freeSpaceAbove="0.0mm" left="-35.9mm" right="-33.7mm" bottom="42.6mm" top="43.5mm" />
    <NearbyComponent name="Q8" edgeDistance="4.893mm" directions="right,top" freeSpaceOnRight=">5.0mm" freeSpaceAbove="3.1mm" left="-28.9mm" right="-25.6mm" bottom="40.3mm" top="43.0mm" />
</CongestedRegion>

<CongestedRegion probabilityOfFailure="0.1%" left="-34.5mm" right="-33.7mm" bottom="42.6mm" top="43.5mm" width="0.8mm" height="0.9mm">
    <NearbyComponent name="C13" edgeDistance="0mm" overlapDepth="0.8mm" directions="left,right,bottom,top" regionWithinComponent left="-35.9mm" right="-33.7mm" bottom="42.6mm" top="43.5mm" />
    <NearbyComponent name="C3" edgeDistance="0.21mm" directions="left" freeSpaceOnLeft="0.0mm" freeSpaceAbove="0.0mm" freeSpaceBelow="0.0mm" left="-35.6mm" right="-34.7mm" bottom="42.0mm" top="44.2mm" />
    <NearbyComponent name="P2" edgeDistance="2.88mm" directions="right,top" freeSpaceOnRight="0.0mm" freeSpaceAbove="0.0mm" left="-33.6mm" right="-7.5mm" bottom="46.4mm" top="50.9mm" />
    <NearbyComponent name="TP80" edgeDistance="3.217mm" directions="right,bottom" freeSpaceOnRight=">5.0mm" freeSpaceBelow="1.6mm" left="-33.1mm" right="-29.7mm" bottom="37.7mm" top="39.5mm" />
    <NearbyComponent name="C11" edgeDistance="3.24mm" directions="bottom" freeSpaceOnLeft="0.0mm" freeSpaceOnRight="0.0mm" freeSpaceBelow="0.0mm" left="-35.9mm" right="-33.7mm" bottom="38.5mm" top="39.4mm" />
    <NearbyComponent name="R1" edgeDistance="3.98mm" directions="left,bottom" freeSpaceOnLeft="0.0mm" freeSpaceBelow="0.0mm" left="-35.6mm" right="-34.7mm" bottom="36.3mm" top="38.6mm" />
    <NearbyComponent name="Q8" edgeDistance="4.81mm" directions="right" freeSpaceOnRight=">5.0mm" freeSpaceAbove="3.1mm" freeSpaceBelow=">5.0mm" left="-28.9mm" right="-25.6mm" bottom="40.3mm" top="43.0mm" />
</CongestedRegion>

<CongestedRegion probabilityOfFailure="0.1%" left="-63.1mm" right="-62.3mm" bottom="47.8mm" top="48.7mm" width="0.8mm" height="0.9mm">
    <NearbyComponent name="C70" edgeDistance="0mm" overlapDepth="0.8mm" directions="left,right,bottom,top" regionWithinComponent left="-64.5mm" right="-62.3mm" bottom="47.8mm" top="48.7mm" />
    <NearbyComponent name="Z57" edgeDistance="1.26mm" directions="bottom" freeSpaceOnLeft=">5.0mm" freeSpaceOnRight="4.5mm" freeSpaceBelow="3.8mm" left="-64.5mm" right="-62.3mm" bottom="45.7mm" top="46.6mm" />
    <NearbyComponent name="R70" edgeDistance="3.078mm" directions="top" freeSpaceOnLeft=">5.0mm" freeSpaceOnRight="4.3mm" freeSpaceAbove=">5.0mm" left="-64.6mm" right="-62.3mm" bottom="51.8mm" top="52.7mm" />
    <NearbyComponent name="C71" edgeDistance="4.46mm" directions="right" freeSpaceOnRight=">5.0mm" freeSpaceAbove=">5.0mm" freeSpaceBelow=">5.0mm" left="-57.9mm" right="-55.7mm" bottom="47.8mm" top="48.7mm" />
    <NearbyComponent name="Z58" edgeDistance="4.635mm" directions="right,bottom" freeSpaceOnRight=">5.0mm" freeSpaceBelow="3.8mm" left="-57.9mm" right="-55.7mm" bottom="45.7mm" top="46.6mm" />
</CongestedRegion>

<CongestedRegion probabilityOfFailure="0.1%" left="-64.5mm" right="-63.7mm" bottom="47.8mm" top="48.7mm" width="0.8mm" height="0.9mm">
    <NearbyComponent name="C70" edgeDistance="0mm" overlapDepth="0.8mm" directions="left,right,bottom,top" regionWithinComponent left="-64.5mm" right="-62.3mm" bottom="47.8mm" top="48.7mm" />
    <NearbyComponent name="Z57" edgeDistance="1.26mm" directions="bottom" freeSpaceOnLeft=">5.0mm" freeSpaceOnRight="4.5mm" freeSpaceBelow="3.8mm" left="-64.5mm" right="-62.3mm" bottom="45.7mm" top="46.6mm" />
    <NearbyComponent name="R70" edgeDistance="3.078mm" directions="top" freeSpaceOnLeft=">5.0mm" freeSpaceOnRight="4.3mm" freeSpaceAbove=">5.0mm" left="-64.6mm" right="-62.3mm" bottom="51.8mm" top="52.7mm" />
    <NearbyComponent name="JP1" edgeDistance="4.63mm" directions="left,bottom" freeSpaceOnLeft=">5.0mm" freeSpaceBelow=">5.0mm" left="-70.2mm" right="-65.7mm" bottom="41.3mm" top="43.3mm" />
</CongestedRegion>

<CongestedRegion probabilityOfFailure="0.1%" left="-56.5mm" right="-55.7mm" bottom="47.8mm" top="48.7mm" width="0.8mm" height="0.9mm">
    <NearbyComponent name="C71" edgeDistance="0mm" overlapDepth="0.8mm" directions="left,right,bottom,top" regionWithinComponent left="-57.9mm" right="-55.7mm" bottom="47.8mm" top="48.7mm" />
    <NearbyComponent name="Z58" edgeDistance="1.26mm" directions="bottom" freeSpaceOnLeft="4.5mm" freeSpaceOnRight=">5.0mm" freeSpaceBelow="3.8mm" left="-57.9mm" right="-55.7mm" bottom="45.7mm" top="46.6mm" />
    <NearbyComponent name="R71" edgeDistance="3.078mm" directions="top" freeSpaceOnLeft="4.3mm" freeSpaceOnRight=">5.0mm" freeSpaceAbove=">5.0mm" left="-57.9mm" right="-55.6mm" bottom="51.8mm" top="52.7mm" />
</CongestedRegion>

<CongestedRegion probabilityOfFailure="0.1%" left="-24.0mm" right="-23.7mm" bottom="49.7mm" top="50.9mm" width="0.3mm" height="1.2mm">
    <NearbyComponent name="P2" edgeDistance="0mm" overlapDepth="0.3mm" directions="left,right,bottom,top" regionWithinComponent left="-33.6mm" right="-7.5mm" bottom="46.4mm" top="50.9mm" />
    <NearbyComponent name="C34" edgeDistance="0.902mm" directions="left,bottom" freeSpaceOnLeft="0.0mm" freeSpaceBelow="0.0mm" left="-27.1mm" right="-24.9mm" bottom="48.7mm" top="49.6mm" />
    <NearbyComponent name="C50" edgeDistance="2.904mm" directions="left,bottom" freeSpaceOnLeft="0.0mm" freeSpaceBelow="0.0mm" left="-27.1mm" right="-24.9mm" bottom="46.0mm" top="46.9mm" />
</CongestedRegion>

<CongestedRegion probabilityOfFailure="0.1%" left="-27.5mm" right="-27.2mm" bottom="49.7mm" top="50.9mm" width="0.3mm" height="1.2mm">
    <NearbyComponent name="P2" edgeDistance="0mm" overlapDepth="0.3mm" directions="left,right,bottom,top" regionWithinComponent left="-33.6mm" right="-7.5mm" bottom="46.4mm" top="50.9mm" />
    <NearbyComponent name="C34" edgeDistance="0.117mm" directions="right,bottom" freeSpaceOnRight="0.0mm" freeSpaceBelow="0.0mm" left="-27.1mm" right="-24.9mm" bottom="48.7mm" top="49.6mm" />
    <NearbyComponent name="C50" edgeDistance="2.762mm" directions="right,bottom" freeSpaceOnRight="0.0mm" freeSpaceBelow="0.0mm" left="-27.1mm" right="-24.9mm" bottom="46.0mm" top="46.9mm" />
</CongestedRegion>

<CongestedRegion probabilityOfFailure="0.1%" left="-63.1mm" right="-62.3mm" bottom="33.4mm" top="34.3mm" width="0.9mm" height="0.8mm">
    <NearbyComponent name="R67" edgeDistance="0mm" overlapDepth="0.806mm" directions="left,bottom,top" freeSpaceOnLeft="4.8mm" left="-63.1mm" right="-62.3mm" bottom="33.4mm" top="35.8mm" />
    <NearbyComponent name="U16" edgeDistance="1.464mm" directions="right,bottom" freeSpaceOnRight="0.0mm" freeSpaceBelow="0.0mm" left="-60.9mm" right="-54.1mm" bottom="28.7mm" top="32.9mm" />
    <NearbyComponent name="C61" edgeDistance="3.973mm" directions="bottom" freeSpaceOnLeft="0.0mm" freeSpaceOnRight="0.0mm" freeSpaceBelow="0.0mm" left="-62.6mm" right="-60.4mm" bottom="28.6mm" top="29.5mm" />
    <NearbyComponent name="Q2" edgeDistance="4.245mm" directions="top" freeSpaceOnLeft="1.0mm" freeSpaceOnRight="4.2mm" freeSpaceAbove="3.8mm" left="-64.6mm" right="-62.2mm" bottom="38.5mm" top="41.9mm" />
    <NearbyComponent name="U15" edgeDistance="4.798mm" directions="left" freeSpaceOnLeft=">5.0mm" freeSpaceAbove=">5.0mm" freeSpaceBelow="4.1mm" left="-70.4mm" right="-67.9mm" bottom="30.7mm" top="34.5mm" />
</CongestedRegion>

<CongestedRegion probabilityOfFailure="0.1%" left="-64.6mm" right="-63.8mm" bottom="51.8mm" top="52.7mm" width="0.8mm" height="0.9mm">
    <NearbyComponent name="R70" edgeDistance="0mm" overlapDepth="0.806mm" directions="right,bottom,top" freeSpaceOnRight="4.3mm" left="-64.6mm" right="-62.3mm" bottom="51.8mm" top="52.7mm" />
    <NearbyComponent name="C70" edgeDistance="3.078mm" directions="bottom" freeSpaceOnLeft=">5.0mm" freeSpaceOnRight="4.5mm" freeSpaceBelow=">5.0mm" left="-64.5mm" right="-62.3mm" bottom="47.8mm" top="48.7mm" />
</CongestedRegion>

<CongestedRegion probabilityOfFailure="0.1%" left="-56.4mm" right="-55.6mm" bottom="51.8mm" top="52.7mm" width="0.8mm" height="0.9mm">
    <NearbyComponent name="R71" edgeDistance="0mm" overlapDepth="0.806mm" directions="left,right,bottom,top" regionWithinComponent left="-57.9mm" right="-55.6mm" bottom="51.8mm" top="52.7mm" />
    <NearbyComponent name="C71" edgeDistance="3.078mm" directions="bottom" freeSpaceOnLeft="4.5mm" freeSpaceOnRight=">5.0mm" freeSpaceBelow=">5.0mm" left="-57.9mm" right="-55.7mm" bottom="47.8mm" top="48.7mm" />
</CongestedRegion>

<CongestedRegion probabilityOfFailure="0.1%" left="-57.9mm" right="-57.1mm" bottom="51.8mm" top="52.7mm" width="0.8mm" height="0.9mm">
    <NearbyComponent name="R71" edgeDistance="0mm" overlapDepth="0.806mm" directions="left,right,bottom,top" regionWithinComponent left="-57.9mm" right="-55.6mm" bottom="51.8mm" top="52.7mm" />
    <NearbyComponent name="C71" edgeDistance="3.078mm" directions="bottom" freeSpaceOnLeft="4.5mm" freeSpaceOnRight=">5.0mm" freeSpaceBelow=">5.0mm" left="-57.9mm" right="-55.7mm" bottom="47.8mm" top="48.7mm" />
    <NearbyComponent name="R70" edgeDistance="4.347mm" directions="left" freeSpaceOnLeft=">5.0mm" freeSpaceAbove=">5.0mm" freeSpaceBelow=">5.0mm" left="-64.6mm" right="-62.3mm" bottom="51.8mm" top="52.7mm" />
</CongestedRegion>

<CongestedRegion probabilityOfFailure="0.1%" left="80.8mm" right="81.7mm" bottom="16.9mm" top="17.7mm" width="0.9mm" height="0.8mm">
    <NearbyComponent name="C9" edgeDistance="0mm" overlapDepth="0.8mm" directions="left,right,bottom,top" regionWithinComponent left="80.8mm" right="81.7mm" bottom="15.5mm" top="17.7mm" />
    <NearbyComponent name="U9" edgeDistance="3.554mm" directions="left" freeSpaceOnLeft="3.7mm" freeSpaceAbove="4.5mm" freeSpaceBelow="5.0mm" left="74.9mm" right="77.3mm" bottom="16.0mm" top="19.4mm" />
</CongestedRegion>

<CongestedRegion probabilityOfFailure="0.1%" left="103.0mm" right="103.9mm" bottom="-10.4mm" top="-9.6mm" width="0.9mm" height="0.8mm">
    <NearbyComponent name="C24" edgeDistance="0mm" overlapDepth="0.8mm" directions="left,right,bottom,top" regionWithinComponent left="103.0mm" right="103.9mm" bottom="-10.4mm" top="-8.2mm" />
    <NearbyComponent name="R42" edgeDistance="0.558mm" directions="right" freeSpaceOnRight=">5.0mm" freeSpaceAbove=">5.0mm" freeSpaceBelow=">5.0mm" left="104.4mm" right="105.3mm" bottom="-11.2mm" top="-8.9mm" />
    <NearbyComponent name="R47" edgeDistance="1.548mm" directions="left" freeSpaceOnLeft=">5.0mm" freeSpaceAbove="3.7mm" freeSpaceBelow="4.4mm" left="100.6mm" right="101.4mm" bottom="-11.2mm" top="-8.9mm" />
    <NearbyComponent name="R53" edgeDistance="3.668mm" directions="left,bottom" freeSpaceOnLeft=">5.0mm" freeSpaceBelow="3.6mm" left="97.1mm" right="99.4mm" bottom="-11.9mm" top="-11.0mm" />
    <NearbyComponent name="R34" edgeDistance="3.98mm" directions="left,top" freeSpaceOnLeft="0.0mm" freeSpaceAbove="0.0mm" left="97.1mm" right="99.4mm" bottom="-7.9mm" top="-7.1mm" />
    <NearbyComponent name="R46" edgeDistance="4.458mm" directions="top" freeSpaceOnLeft=">5.0mm" freeSpaceOnRight=">5.0mm" freeSpaceAbove="3.4mm" left="101.2mm" right="103.5mm" bottom="-5.2mm" top="-4.3mm" />
</CongestedRegion>

<CongestedRegion probabilityOfFailure="0.1%" left="96.5mm" right="97.4mm" bottom="-7.2mm" top="-6.4mm" width="0.9mm" height="0.8mm">
    <NearbyComponent name="C26" edgeDistance="0mm" overlapDepth="0.8mm" directions="left,right,bottom" freeSpaceBelow="0.0mm" left="96.5mm" right="97.4mm" bottom="-8.6mm" top="-6.4mm" />
    <NearbyComponent name="R34" edgeDistance="0mm" overlapDepth="0.132mm" directions="right,bottom" freeSpaceOnRight="0.0mm" freeSpaceBelow="0.0mm" left="97.1mm" right="99.4mm" bottom="-7.9mm" top="-7.1mm" />
    <NearbyComponent name="R47" edgeDistance="3.578mm" directions="right,bottom" freeSpaceOnRight=">5.0mm" freeSpaceBelow="4.4mm" left="100.6mm" right="101.4mm" bottom="-11.2mm" top="-8.9mm" />
    <NearbyComponent name="R53" edgeDistance="3.828mm" directions="bottom" freeSpaceOnLeft=">5.0mm" freeSpaceOnRight=">5.0mm" freeSpaceBelow="3.6mm" left="97.1mm" right="99.4mm" bottom="-11.9mm" top="-11.0mm" />
    <NearbyComponent name="R46" edgeDistance="3.997mm" directions="right,top" freeSpaceOnRight=">5.0mm" freeSpaceAbove="3.4mm" left="101.2mm" right="103.5mm" bottom="-5.2mm" top="-4.3mm" />
</CongestedRegion>

<CongestedRegion probabilityOfFailure="0.1%" left="96.5mm" right="97.4mm" bottom="-8.6mm" top="-7.8mm" width="0.9mm" height="0.8mm">
    <NearbyComponent name="C26" edgeDistance="0mm" overlapDepth="0.8mm" directions="left,right,bottom,top" regionWithinComponent left="96.5mm" right="97.4mm" bottom="-8.6mm" top="-6.4mm" />
    <NearbyComponent name="R34" edgeDistance="0mm" overlapDepth="0.132mm" directions="right,top" freeSpaceOnRight="0.0mm" freeSpaceAbove="0.0mm" left="97.1mm" right="99.4mm" bottom="-7.9mm" top="-7.1mm" />
    <NearbyComponent name="R53" edgeDistance="2.428mm" directions="bottom" freeSpaceOnLeft=">5.0mm" freeSpaceOnRight=">5.0mm" freeSpaceBelow="3.6mm" left="97.1mm" right="99.4mm" bottom="-11.9mm" top="-11.0mm" />
    <NearbyComponent name="R47" edgeDistance="3.179mm" directions="right,bottom" freeSpaceOnRight=">5.0mm" freeSpaceBelow="4.4mm" left="100.6mm" right="101.4mm" bottom="-11.2mm" top="-8.9mm" />
    <NearbyComponent name="R46" edgeDistance="4.632mm" directions="right,top" freeSpaceOnRight=">5.0mm" freeSpaceAbove="3.4mm" left="101.2mm" right="103.5mm" bottom="-5.2mm" top="-4.3mm" />
    <NearbyComponent name="U7" edgeDistance="4.96mm" directions="left" freeSpaceOnLeft=">5.0mm" freeSpaceAbove=">5.0mm" freeSpaceBelow=">5.0mm" left="87.2mm" right="91.5mm" bottom="-15.8mm" top="-8.5mm" />
</CongestedRegion>

<CongestedRegion probabilityOfFailure="0.1%" left="87.4mm" right="88.2mm" bottom="-2.6mm" top="-1.7mm" width="0.8mm" height="0.9mm">
    <NearbyComponent name="C31" edgeDistance="0mm" overlapDepth="0.8mm" directions="left,right,bottom,top" regionWithinComponent left="87.4mm" right="89.6mm" bottom="-2.6mm" top="-1.7mm" />
    <NearbyComponent name="R52" edgeDistance="4.223mm" directions="left" freeSpaceOnLeft="4.9mm" freeSpaceAbove="4.3mm" freeSpaceBelow="3.9mm" left="80.9mm" right="83.2mm" bottom="-2.5mm" top="-1.7mm" />
    <NearbyComponent name="SW_B" edgeDistance="4.341mm" directions="left,top" freeSpaceOnLeft="3.2mm" freeSpaceAbove=">5.0mm" left="79.7mm" right="86.7mm" bottom="2.6mm" top="8.8mm" />
</CongestedRegion>

<CongestedRegion probabilityOfFailure="0.1%" left="81.3mm" right="82.2mm" bottom="-7.2mm" top="-6.4mm" width="0.9mm" height="0.8mm">
    <NearbyComponent name="C32" edgeDistance="0mm" overlapDepth="0.8mm" directions="left,right,bottom" freeSpaceBelow="4.0mm" left="81.3mm" right="82.2mm" bottom="-8.6mm" top="-6.4mm" />
    <NearbyComponent name="R51" edgeDistance="2.808mm" directions="left" freeSpaceOnLeft=">5.0mm" freeSpaceAbove=">5.0mm" freeSpaceBelow=">5.0mm" left="77.6mm" right="78.5mm" bottom="-8.7mm" top="-6.4mm" />
    <NearbyComponent name="R52" edgeDistance="3.868mm" directions="top" freeSpaceOnLeft="4.9mm" freeSpaceOnRight="4.2mm" freeSpaceAbove="4.3mm" left="80.9mm" right="83.2mm" bottom="-2.5mm" top="-1.7mm" />
</CongestedRegion>

<CongestedRegion probabilityOfFailure="0.1%" left="100.5mm" right="101.4mm" bottom="-17.8mm" top="-17.0mm" width="0.9mm" height="0.8mm">
    <NearbyComponent name="C33" edgeDistance="0mm" overlapDepth="0.8mm" directions="left,right,bottom,top" regionWithinComponent left="100.5mm" right="101.4mm" bottom="-17.8mm" top="-15.6mm" />
    <NearbyComponent name="R54" edgeDistance="3.168mm" directions="left" freeSpaceOnLeft="5.0mm" freeSpaceAbove="3.6mm" freeSpaceBelow="3.8mm" left="96.5mm" right="97.4mm" bottom="-17.9mm" top="-15.5mm" />
    <NearbyComponent name="VR2" edgeDistance="3.329mm" directions="bottom" freeSpaceOnLeft="1.8mm" freeSpaceOnRight=">5.0mm" freeSpaceBelow=">5.0mm" left="101.1mm" right="115.9mm" bottom="-36.9mm" top="-21.1mm" />
    <NearbyComponent name="C35" edgeDistance="4.045mm" directions="left,bottom" freeSpaceOnLeft="4.6mm" freeSpaceBelow=">5.0mm" left="97.1mm" right="99.3mm" bottom="-22.5mm" top="-21.6mm" />
</CongestedRegion>

<CongestedRegion probabilityOfFailure="0.1%" left="97.1mm" right="97.9mm" bottom="-22.5mm" top="-21.6mm" width="0.8mm" height="0.9mm">
    <NearbyComponent name="C35" edgeDistance="0mm" overlapDepth="0.8mm" directions="left,right,bottom,top" regionWithinComponent left="97.1mm" right="99.3mm" bottom="-22.5mm" top="-21.6mm" />
    <NearbyComponent name="VR2" edgeDistance="3.175mm" directions="right" freeSpaceOnRight=">5.0mm" freeSpaceAbove="3.3mm" freeSpaceBelow=">5.0mm" left="101.1mm" right="115.9mm" bottom="-36.9mm" top="-21.1mm" />
    <NearbyComponent name="R54" edgeDistance="3.793mm" directions="top" freeSpaceOnLeft="5.0mm" freeSpaceOnRight=">5.0mm" freeSpaceAbove="3.6mm" left="96.5mm" right="97.4mm" bottom="-17.9mm" top="-15.5mm" />
    <NearbyComponent name="R48" edgeDistance="4.583mm" directions="left" freeSpaceOnLeft="4.6mm" freeSpaceAbove=">5.0mm" freeSpaceBelow=">5.0mm" left="90.2mm" right="92.5mm" bottom="-22.5mm" top="-21.7mm" />
    <NearbyComponent name="C33" edgeDistance="4.668mm" directions="right,top" freeSpaceOnRight=">5.0mm" freeSpaceAbove="4.4mm" left="100.5mm" right="101.4mm" bottom="-17.8mm" top="-15.6mm" />
</CongestedRegion>

<CongestedRegion probabilityOfFailure="0.1%" left="79.3mm" right="80.1mm" bottom="-13.5mm" top="-12.6mm" width="0.8mm" height="0.9mm">
    <NearbyComponent name="C36" edgeDistance="0mm" overlapDepth="0.8mm" directions="left,right,bottom,top" regionWithinComponent left="79.3mm" right="81.5mm" bottom="-13.5mm" top="-12.6mm" />
    <NearbyComponent name="C27" edgeDistance="3.6mm" directions="bottom" freeSpaceOnLeft="3.6mm" freeSpaceOnRight=">5.0mm" freeSpaceBelow=">5.0mm" left="79.3mm" right="81.5mm" bottom="-18.0mm" top="-17.1mm" />
    <NearbyComponent name="R51" edgeDistance="4.055mm" directions="left,top" freeSpaceOnLeft=">5.0mm" freeSpaceAbove=">5.0mm" left="77.6mm" right="78.5mm" bottom="-8.7mm" top="-6.4mm" />
    <NearbyComponent name="C32" edgeDistance="4.205mm" directions="right,top" freeSpaceOnRight=">5.0mm" freeSpaceAbove="3.9mm" left="81.3mm" right="82.2mm" bottom="-8.6mm" top="-6.4mm" />
    <NearbyComponent name="Q6" edgeDistance="4.304mm" directions="left,top" freeSpaceOnLeft="0.0mm" freeSpaceAbove="0.0mm" left="71.7mm" right="75.0mm" bottom="-12.1mm" top="-9.4mm" />
    <NearbyComponent name="CP2" edgeDistance="4.382mm" directions="left,bottom" freeSpaceOnLeft="0.0mm" freeSpaceBelow="0.0mm" left="71.0mm" right="75.7mm" bottom="-18.8mm" top="-16.1mm" />
</CongestedRegion>

<CongestedRegion probabilityOfFailure="0.1%" left="80.7mm" right="81.5mm" bottom="-13.5mm" top="-12.6mm" width="0.8mm" height="0.9mm">
    <NearbyComponent name="C36" edgeDistance="0mm" overlapDepth="0.8mm" directions="left,bottom,top" freeSpaceOnLeft=">5.0mm" left="79.3mm" right="81.5mm" bottom="-13.5mm" top="-12.6mm" />
    <NearbyComponent name="C27" edgeDistance="3.6mm" directions="bottom" freeSpaceOnLeft="3.6mm" freeSpaceOnRight=">5.0mm" freeSpaceBelow=">5.0mm" left="79.3mm" right="81.5mm" bottom="-18.0mm" top="-17.1mm" />
    <NearbyComponent name="C32" edgeDistance="4.03mm" directions="top" freeSpaceOnLeft=">5.0mm" freeSpaceOnRight=">5.0mm" freeSpaceAbove="3.9mm" left="81.3mm" right="82.2mm" bottom="-8.6mm" top="-6.4mm" />
    <NearbyComponent name="R51" edgeDistance="4.546mm" directions="left,top" freeSpaceOnLeft=">5.0mm" freeSpaceAbove=">5.0mm" left="77.6mm" right="78.5mm" bottom="-8.7mm" top="-6.4mm" />
</CongestedRegion>

<CongestedRegion probabilityOfFailure="0.1%" left="64.2mm" right="65.0mm" bottom="-10.8mm" top="-9.9mm" width="0.8mm" height="0.9mm">
    <NearbyComponent name="C38" edgeDistance="0mm" overlapDepth="0.8mm" directions="left,right,bottom,top" regionWithinComponent left="64.2mm" right="66.4mm" bottom="-10.8mm" top="-9.9mm" />
    <NearbyComponent name="TP11" edgeDistance="1.886mm" directions="left,bottom" freeSpaceOnLeft=">5.0mm" freeSpaceBelow=">5.0mm" left="58.9mm" right="62.3mm" bottom="-12.9mm" top="-11.1mm" />
    <NearbyComponent name="R37" edgeDistance="3.93mm" directions="left,top" freeSpaceOnLeft=">5.0mm" freeSpaceAbove=">5.0mm" left="60.2mm" right="61.0mm" bottom="-7.6mm" top="-5.3mm" />
</CongestedRegion>

<CongestedRegion probabilityOfFailure="0.1%" left="72.2mm" right="73.0mm" bottom="-10.8mm" top="-9.9mm" width="0.8mm" height="0.9mm">
    <NearbyComponent name="Q6" edgeDistance="0mm" overlapDepth="0.8mm" directions="left,right,bottom,top" regionWithinComponent left="71.7mm" right="75.0mm" bottom="-12.1mm" top="-9.4mm" />
    <NearbyComponent name="C54" edgeDistance="0mm" overlapDepth="0.8mm" directions="left,bottom,top" freeSpaceOnLeft="0.0mm" left="70.8mm" right="73.0mm" bottom="-10.8mm" top="-9.9mm" />
    <NearbyComponent name="R57" edgeDistance="3.973mm" directions="bottom" freeSpaceOnLeft="0.0mm" freeSpaceOnRight="0.0mm" freeSpaceBelow="0.0mm" left="71.9mm" right="72.7mm" bottom="-17.1mm" top="-14.8mm" />
    <NearbyComponent name="R51" edgeDistance="4.761mm" directions="right,top" freeSpaceOnRight=">5.0mm" freeSpaceAbove=">5.0mm" left="77.6mm" right="78.5mm" bottom="-8.7mm" top="-6.4mm" />
</CongestedRegion>

<CongestedRegion probabilityOfFailure="0.1%" left="74.0mm" right="75.0mm" bottom="-10.2mm" top="-9.4mm" width="1.0mm" height="0.8mm">
    <NearbyComponent name="Q6" edgeDistance="0mm" overlapDepth="0.8mm" directions="left,right,bottom,top" regionWithinComponent left="71.7mm" right="75.0mm" bottom="-12.1mm" top="-9.4mm" />
    <NearbyComponent name="C54" edgeDistance="0.99mm" directions="left" freeSpaceOnLeft="0.0mm" freeSpaceAbove="0.0mm" freeSpaceBelow="0.0mm" left="70.8mm" right="73.0mm" bottom="-10.8mm" top="-9.9mm" />
    <NearbyComponent name="R51" edgeDistance="2.7mm" directions="right,top" freeSpaceOnRight=">5.0mm" freeSpaceAbove=">5.0mm" left="77.6mm" right="78.5mm" bottom="-8.7mm" top="-6.4mm" />
    <NearbyComponent name="R57" edgeDistance="4.792mm" directions="left,bottom" freeSpaceOnLeft="0.0mm" freeSpaceBelow="0.0mm" left="71.9mm" right="72.7mm" bottom="-17.1mm" top="-14.8mm" />
    <NearbyComponent name="C36" edgeDistance="4.918mm" directions="right,bottom" freeSpaceOnRight=">5.0mm" freeSpaceBelow="3.6mm" left="79.3mm" right="81.5mm" bottom="-13.5mm" top="-12.6mm" />
</CongestedRegion>

<CongestedRegion probabilityOfFailure="0.1%" left="71.7mm" right="72.7mm" bottom="-11.2mm" top="-10.4mm" width="1.0mm" height="0.8mm">
    <NearbyComponent name="Q6" edgeDistance="0mm" overlapDepth="0.8mm" directions="left,right,bottom,top" regionWithinComponent left="71.7mm" right="75.0mm" bottom="-12.1mm" top="-9.4mm" />
    <NearbyComponent name="C54" edgeDistance="0mm" overlapDepth="0.49mm" directions="left,right,top" freeSpaceAbove="0.0mm" left="70.8mm" right="73.0mm" bottom="-10.8mm" top="-9.9mm" />
    <NearbyComponent name="R57" edgeDistance="3.663mm" directions="bottom" freeSpaceOnLeft="0.0mm" freeSpaceOnRight="0.0mm" freeSpaceBelow="0.0mm" left="71.9mm" right="72.7mm" bottom="-17.1mm" top="-14.8mm" />
    <NearbyComponent name="CP2" edgeDistance="4.91mm" directions="bottom" freeSpaceOnLeft="0.0mm" freeSpaceOnRight="0.0mm" freeSpaceBelow="0.0mm" left="71.0mm" right="75.7mm" bottom="-18.8mm" top="-16.1mm" />
</CongestedRegion>

<CongestedRegion probabilityOfFailure="0.1%" left="64.5mm" right="65.3mm" bottom="-28.5mm" top="-27.6mm" width="0.8mm" height="0.9mm">
    <NearbyComponent name="R14" edgeDistance="0mm" overlapDepth="0.806mm" directions="left,right,bottom,top" regionWithinComponent left="63.0mm" right="65.3mm" bottom="-28.5mm" top="-27.6mm" />
    <NearbyComponent name="TP22" edgeDistance="2.238mm" directions="left,top" freeSpaceOnLeft=">5.0mm" freeSpaceAbove="2.1mm" left="58.9mm" right="62.3mm" bottom="-27.5mm" top="-25.7mm" />
    <NearbyComponent name="R31" edgeDistance="4.437mm" directions="right" freeSpaceOnRight=">5.0mm" freeSpaceAbove="2.0mm" freeSpaceBelow=">5.0mm" left="69.8mm" right="72.1mm" bottom="-28.5mm" top="-27.6mm" />
    <NearbyComponent name="R56" edgeDistance="4.874mm" directions="left,top" freeSpaceOnLeft=">5.0mm" freeSpaceAbove=">5.0mm" left="60.9mm" right="61.7mm" bottom="-23.6mm" top="-21.3mm" />
</CongestedRegion>

<CongestedRegion probabilityOfFailure="0.1%" left="63.0mm" right="63.8mm" bottom="-28.5mm" top="-27.6mm" width="0.8mm" height="0.9mm">
    <NearbyComponent name="R14" edgeDistance="0mm" overlapDepth="0.806mm" directions="left,right,bottom,top" regionWithinComponent left="63.0mm" right="65.3mm" bottom="-28.5mm" top="-27.6mm" />
    <NearbyComponent name="TP22" edgeDistance="0.738mm" directions="left,top" freeSpaceOnLeft=">5.0mm" freeSpaceAbove="2.1mm" left="58.9mm" right="62.3mm" bottom="-27.5mm" top="-25.7mm" />
    <NearbyComponent name="R56" edgeDistance="4.195mm" directions="left,top" freeSpaceOnLeft=">5.0mm" freeSpaceAbove=">5.0mm" left="60.9mm" right="61.7mm" bottom="-23.6mm" top="-21.3mm" />
</CongestedRegion>

<CongestedRegion probabilityOfFailure="0.1%" left="71.1mm" right="71.9mm" bottom="-39.1mm" top="-38.2mm" width="0.8mm" height="0.9mm">
    <NearbyComponent name="R19" edgeDistance="0mm" overlapDepth="0.806mm" directions="left,right,bottom" freeSpaceBelow="2.9mm" left="71.1mm" right="73.4mm" bottom="-39.1mm" top="-38.2mm" />
    <NearbyComponent name="P3" edgeDistance="2.892mm" directions="bottom" freeSpaceOnLeft=">5.0mm" freeSpaceOnRight=">5.0mm" freeSpaceBelow=">5.0mm" left="63.2mm" right="76.3mm" bottom="-59.3mm" top="-42.0mm" />
</CongestedRegion>

<CongestedRegion probabilityOfFailure="0.1%" left="72.6mm" right="73.4mm" bottom="-39.1mm" top="-38.2mm" width="0.8mm" height="0.9mm">
    <NearbyComponent name="R19" edgeDistance="0mm" overlapDepth="0.806mm" directions="left,right,bottom" freeSpaceBelow="2.9mm" left="71.1mm" right="73.4mm" bottom="-39.1mm" top="-38.2mm" />
    <NearbyComponent name="P3" edgeDistance="2.892mm" directions="bottom" freeSpaceOnLeft=">5.0mm" freeSpaceOnRight=">5.0mm" freeSpaceBelow=">5.0mm" left="63.2mm" right="76.3mm" bottom="-59.3mm" top="-42.0mm" />
</CongestedRegion>

<CongestedRegion probabilityOfFailure="0.1%" left="60.2mm" right="61.0mm" bottom="-35.9mm" top="-35.0mm" width="0.9mm" height="0.8mm">
    <NearbyComponent name="R20" edgeDistance="0mm" overlapDepth="0.806mm" directions="left,right,bottom,top" regionWithinComponent left="60.2mm" right="61.0mm" bottom="-35.9mm" top="-33.5mm" />
</CongestedRegion>

<CongestedRegion probabilityOfFailure="0.1%" left="60.2mm" right="61.0mm" bottom="-34.3mm" top="-33.5mm" width="0.9mm" height="0.8mm">
    <NearbyComponent name="R20" edgeDistance="0mm" overlapDepth="0.806mm" directions="left,right,bottom,top" regionWithinComponent left="60.2mm" right="61.0mm" bottom="-35.9mm" top="-33.5mm" />
</CongestedRegion>

<CongestedRegion probabilityOfFailure="0.1%" left="71.9mm" right="72.7mm" bottom="-22.1mm" top="-21.3mm" width="0.9mm" height="0.8mm">
    <NearbyComponent name="R30" edgeDistance="0mm" overlapDepth="0.806mm" directions="left,right,bottom" freeSpaceBelow="0.0mm" left="71.9mm" right="72.7mm" bottom="-23.6mm" top="-21.3mm" />
    <NearbyComponent name="CP1" edgeDistance="0.8mm" directions="bottom" freeSpaceOnLeft="0.0mm" freeSpaceOnRight="0.0mm" freeSpaceBelow="0.0mm" left="71.0mm" right="75.7mm" bottom="-25.6mm" top="-22.9mm" />
    <NearbyComponent name="CP2" edgeDistance="2.533mm" directions="top" freeSpaceOnLeft="0.0mm" freeSpaceOnRight="0.0mm" freeSpaceAbove="0.0mm" left="71.0mm" right="75.7mm" bottom="-18.8mm" top="-16.1mm" />
    <NearbyComponent name="U6" edgeDistance="3.818mm" directions="left" freeSpaceOnLeft="4.0mm" freeSpaceAbove=">5.0mm" freeSpaceBelow=">5.0mm" left="65.7mm" right="68.0mm" bottom="-22.0mm" top="-16.4mm" />
    <NearbyComponent name="C56" edgeDistance="3.868mm" directions="right" freeSpaceOnRight="4.6mm" freeSpaceAbove=">5.0mm" freeSpaceBelow="3.2mm" left="76.6mm" right="78.8mm" bottom="-22.5mm" top="-21.6mm" />
    <NearbyComponent name="R57" edgeDistance="4.167mm" directions="top" freeSpaceOnLeft="0.0mm" freeSpaceOnRight="0.0mm" freeSpaceAbove="0.0mm" left="71.9mm" right="72.7mm" bottom="-17.1mm" top="-14.8mm" />
</CongestedRegion>

<CongestedRegion probabilityOfFailure="0.1%" left="98.6mm" right="99.4mm" bottom="-7.9mm" top="-7.1mm" width="0.8mm" height="0.9mm">
    <NearbyComponent name="R34" edgeDistance="0mm" overlapDepth="0.806mm" directions="left,right" freeSpaceAbove="0.0mm" freeSpaceBelow="0.0mm" left="97.1mm" right="99.4mm" bottom="-7.9mm" top="-7.1mm" />
    <NearbyComponent name="C26" edgeDistance="1.16mm" directions="left" freeSpaceOnLeft="0.0mm" freeSpaceAbove="0.0mm" freeSpaceBelow="0.0mm" left="96.5mm" right="97.4mm" bottom="-8.6mm" top="-6.4mm" />
    <NearbyComponent name="R47" edgeDistance="1.52mm" directions="right,bottom" freeSpaceOnRight=">5.0mm" freeSpaceBelow="4.4mm" left="100.6mm" right="101.4mm" bottom="-11.2mm" top="-8.9mm" />
    <NearbyComponent name="R46" edgeDistance="2.655mm" directions="right,top" freeSpaceOnRight=">5.0mm" freeSpaceAbove="3.4mm" left="101.2mm" right="103.5mm" bottom="-5.2mm" top="-4.3mm" />
    <NearbyComponent name="R53" edgeDistance="3.096mm" directions="bottom" freeSpaceOnLeft=">5.0mm" freeSpaceOnRight=">5.0mm" freeSpaceBelow="3.6mm" left="97.1mm" right="99.4mm" bottom="-11.9mm" top="-11.0mm" />
    <NearbyComponent name="C24" edgeDistance="3.623mm" directions="right,bottom" freeSpaceOnRight=">5.0mm" freeSpaceBelow=">5.0mm" left="103.0mm" right="103.9mm" bottom="-10.4mm" top="-8.2mm" />
</CongestedRegion>

<CongestedRegion probabilityOfFailure="0.1%" left="60.2mm" right="61.0mm" bottom="-6.1mm" top="-5.3mm" width="0.9mm" height="0.8mm">
    <NearbyComponent name="R37" edgeDistance="0mm" overlapDepth="0.806mm" directions="left,right,bottom,top" regionWithinComponent left="60.2mm" right="61.0mm" bottom="-7.6mm" top="-5.3mm" />
    <NearbyComponent name="C38" edgeDistance="4.981mm" directions="right,bottom" freeSpaceOnRight="4.5mm" freeSpaceBelow=">5.0mm" left="64.2mm" right="66.4mm" bottom="-10.8mm" top="-9.9mm" />
</CongestedRegion>

<CongestedRegion probabilityOfFailure="0.1%" left="102.7mm" right="103.5mm" bottom="-0.9mm" top="-0.1mm" width="0.8mm" height="0.9mm">
    <NearbyComponent name="R45" edgeDistance="0mm" overlapDepth="0.806mm" directions="left,right,bottom,top" regionWithinComponent left="102.7mm" right="105.0mm" bottom="-0.9mm" top="-0.1mm" />
    <NearbyComponent name="R46" edgeDistance="3.366mm" directions="bottom" freeSpaceOnLeft=">5.0mm" freeSpaceOnRight=">5.0mm" freeSpaceBelow="3.1mm" left="101.2mm" right="103.5mm" bottom="-5.2mm" top="-4.3mm" />
</CongestedRegion>

<CongestedRegion probabilityOfFailure="0.1%" left="102.7mm" right="103.5mm" bottom="-5.2mm" top="-4.3mm" width="0.8mm" height="0.9mm">
    <NearbyComponent name="R46" edgeDistance="0mm" overlapDepth="0.806mm" directions="left,right,bottom,top" regionWithinComponent left="101.2mm" right="103.5mm" bottom="-5.2mm" top="-4.3mm" />
    <NearbyComponent name="C24" edgeDistance="3.058mm" directions="bottom" freeSpaceOnLeft=">5.0mm" freeSpaceOnRight=">5.0mm" freeSpaceBelow=">5.0mm" left="103.0mm" right="103.9mm" bottom="-10.4mm" top="-8.2mm" />
    <NearbyComponent name="R45" edgeDistance="3.366mm" directions="top" freeSpaceOnLeft=">5.0mm" freeSpaceOnRight=">5.0mm" freeSpaceAbove=">5.0mm" left="102.7mm" right="105.0mm" bottom="-0.9mm" top="-0.1mm" />
    <NearbyComponent name="R42" edgeDistance="3.836mm" directions="right,bottom" freeSpaceOnRight=">5.0mm" freeSpaceBelow=">5.0mm" left="104.4mm" right="105.3mm" bottom="-11.2mm" top="-8.9mm" />
    <NearbyComponent name="R34" edgeDistance="3.85mm" directions="left,bottom" freeSpaceOnLeft="0.0mm" freeSpaceBelow="0.0mm" left="97.1mm" right="99.4mm" bottom="-7.9mm" top="-7.1mm" />
    <NearbyComponent name="R47" edgeDistance="3.932mm" directions="left,bottom" freeSpaceOnLeft=">5.0mm" freeSpaceBelow="4.4mm" left="100.6mm" right="101.4mm" bottom="-11.2mm" top="-8.9mm" />
</CongestedRegion>

<CongestedRegion probabilityOfFailure="0.1%" left="90.2mm" right="91.0mm" bottom="-22.5mm" top="-21.7mm" width="0.8mm" height="0.9mm">
    <NearbyComponent name="R48" edgeDistance="0mm" overlapDepth="0.806mm" directions="left,right,bottom,top" regionWithinComponent left="90.2mm" right="92.5mm" bottom="-22.5mm" top="-21.7mm" />
    <NearbyComponent name="TP33" edgeDistance="1.638mm" directions="bottom" freeSpaceOnLeft=">5.0mm" freeSpaceOnRight=">5.0mm" freeSpaceBelow=">5.0mm" left="88.6mm" right="92.1mm" bottom="-25.9mm" top="-24.2mm" />
    <NearbyComponent name="C28" edgeDistance="4.583mm" directions="left" freeSpaceOnLeft="4.6mm" freeSpaceAbove=">5.0mm" freeSpaceBelow="4.3mm" left="83.4mm" right="85.6mm" bottom="-22.5mm" top="-21.6mm" />
</CongestedRegion>

<CongestedRegion probabilityOfFailure="0.1%" left="73.7mm" right="74.5mm" bottom="-2.7mm" top="-1.9mm" width="0.8mm" height="0.9mm">
    <NearbyComponent name="R49" edgeDistance="0mm" overlapDepth="0.806mm" directions="left,right,bottom,top" regionWithinComponent left="73.7mm" right="76.0mm" bottom="-2.7mm" top="-1.9mm" />
    <NearbyComponent name="R50" edgeDistance="3.818mm" directions="right,top" freeSpaceOnRight="3.2mm" freeSpaceAbove="4.8mm" left="75.6mm" right="76.5mm" bottom="1.8mm" top="4.1mm" />
    <NearbyComponent name="R51" edgeDistance="4.813mm" directions="right,bottom" freeSpaceOnRight=">5.0mm" freeSpaceBelow=">5.0mm" left="77.6mm" right="78.5mm" bottom="-8.7mm" top="-6.4mm" />
</CongestedRegion>

<CongestedRegion probabilityOfFailure="0.1%" left="75.2mm" right="76.0mm" bottom="-2.7mm" top="-1.9mm" width="0.8mm" height="0.9mm">
    <NearbyComponent name="R49" edgeDistance="0mm" overlapDepth="0.806mm" directions="left,right,bottom,top" regionWithinComponent left="73.7mm" right="76.0mm" bottom="-2.7mm" top="-1.9mm" />
    <NearbyComponent name="R50" edgeDistance="3.631mm" directions="top" freeSpaceOnLeft=">5.0mm" freeSpaceOnRight="3.2mm" freeSpaceAbove="4.8mm" left="75.6mm" right="76.5mm" bottom="1.8mm" top="4.1mm" />
    <NearbyComponent name="R51" edgeDistance="3.989mm" directions="right,bottom" freeSpaceOnRight=">5.0mm" freeSpaceBelow=">5.0mm" left="77.6mm" right="78.5mm" bottom="-8.7mm" top="-6.4mm" />
    <NearbyComponent name="R52" edgeDistance="4.887mm" directions="right" freeSpaceOnRight="4.2mm" freeSpaceAbove="4.3mm" freeSpaceBelow="3.9mm" left="80.9mm" right="83.2mm" bottom="-2.5mm" top="-1.7mm" />
</CongestedRegion>

<CongestedRegion probabilityOfFailure="0.1%" left="75.6mm" right="76.5mm" bottom="1.8mm" top="2.6mm" width="0.9mm" height="0.8mm">
    <NearbyComponent name="R50" edgeDistance="0mm" overlapDepth="0.806mm" directions="left,right,top" freeSpaceAbove="4.8mm" left="75.6mm" right="76.5mm" bottom="1.8mm" top="4.1mm" />
    <NearbyComponent name="SW_B" edgeDistance="3.223mm" directions="right,top" freeSpaceOnRight=">5.0mm" freeSpaceAbove=">5.0mm" left="79.7mm" right="86.7mm" bottom="2.6mm" top="8.8mm" />
    <NearbyComponent name="R49" edgeDistance="3.631mm" directions="bottom" freeSpaceOnLeft=">5.0mm" freeSpaceOnRight="4.9mm" freeSpaceBelow=">5.0mm" left="73.7mm" right="76.0mm" bottom="-2.7mm" top="-1.9mm" />
</CongestedRegion>

<CongestedRegion probabilityOfFailure="0.1%" left="75.6mm" right="76.5mm" bottom="3.3mm" top="4.1mm" width="0.9mm" height="0.8mm">
    <NearbyComponent name="R50" edgeDistance="0mm" overlapDepth="0.806mm" directions="left,right,bottom,top" regionWithinComponent left="75.6mm" right="76.5mm" bottom="1.8mm" top="4.1mm" />
    <NearbyComponent name="SW_B" edgeDistance="3.223mm" directions="right" freeSpaceOnRight=">5.0mm" freeSpaceAbove=">5.0mm" freeSpaceBelow="4.3mm" left="79.7mm" right="86.7mm" bottom="2.6mm" top="8.8mm" />
    <NearbyComponent name="C29" edgeDistance="4.763mm" directions="top" freeSpaceOnLeft=">5.0mm" freeSpaceOnRight=">5.0mm" freeSpaceAbove="5.0mm" left="75.6mm" right="76.5mm" bottom="8.8mm" top="11.0mm" />
</CongestedRegion>

<CongestedRegion probabilityOfFailure="0.1%" left="96.5mm" right="97.4mm" bottom="-16.3mm" top="-15.5mm" width="0.9mm" height="0.8mm">
    <NearbyComponent name="R54" edgeDistance="0mm" overlapDepth="0.806mm" directions="left,right,bottom,top" regionWithinComponent left="96.5mm" right="97.4mm" bottom="-17.9mm" top="-15.5mm" />
    <NearbyComponent name="C33" edgeDistance="3.168mm" directions="right" freeSpaceOnRight=">5.0mm" freeSpaceAbove="4.4mm" freeSpaceBelow="3.3mm" left="100.5mm" right="101.4mm" bottom="-17.8mm" top="-15.6mm" />
    <NearbyComponent name="R53" edgeDistance="3.631mm" directions="top" freeSpaceOnLeft=">5.0mm" freeSpaceOnRight=">5.0mm" freeSpaceAbove="2.4mm" left="97.1mm" right="99.4mm" bottom="-11.9mm" top="-11.0mm" />
    <NearbyComponent name="U7" edgeDistance="4.978mm" directions="left" freeSpaceOnLeft=">5.0mm" freeSpaceAbove=">5.0mm" freeSpaceBelow=">5.0mm" left="87.2mm" right="91.5mm" bottom="-15.8mm" top="-8.5mm" />
</CongestedRegion>

<CongestedRegion probabilityOfFailure="0.1%" left="96.5mm" right="97.4mm" bottom="-17.9mm" top="-17.0mm" width="0.9mm" height="0.8mm">
    <NearbyComponent name="R54" edgeDistance="0mm" overlapDepth="0.806mm" directions="left,right,bottom,top" regionWithinComponent left="96.5mm" right="97.4mm" bottom="-17.9mm" top="-15.5mm" />
    <NearbyComponent name="C33" edgeDistance="3.168mm" directions="right" freeSpaceOnRight=">5.0mm" freeSpaceAbove="4.4mm" freeSpaceBelow="3.3mm" left="100.5mm" right="101.4mm" bottom="-17.8mm" top="-15.6mm" />
    <NearbyComponent name="C35" edgeDistance="3.793mm" directions="bottom" freeSpaceOnLeft="4.6mm" freeSpaceOnRight="1.8mm" freeSpaceBelow=">5.0mm" left="97.1mm" right="99.3mm" bottom="-22.5mm" top="-21.6mm" />
    <NearbyComponent name="VR2" edgeDistance="4.942mm" directions="right,bottom" freeSpaceOnRight=">5.0mm" freeSpaceBelow=">5.0mm" left="101.1mm" right="115.9mm" bottom="-36.9mm" top="-21.1mm" />
</CongestedRegion>

<CongestedRegion probabilityOfFailure="0.1%" left="60.9mm" right="61.7mm" bottom="-22.1mm" top="-21.3mm" width="0.9mm" height="0.8mm">
    <NearbyComponent name="R56" edgeDistance="0mm" overlapDepth="0.806mm" directions="left,right,bottom,top" regionWithinComponent left="60.9mm" right="61.7mm" bottom="-23.6mm" top="-21.3mm" />
    <NearbyComponent name="TP22" edgeDistance="3.6mm" directions="bottom" freeSpaceOnLeft=">5.0mm" freeSpaceOnRight=">5.0mm" freeSpaceBelow=">5.0mm" left="58.9mm" right="62.3mm" bottom="-27.5mm" top="-25.7mm" />
    <NearbyComponent name="U6" edgeDistance="3.998mm" directions="right" freeSpaceOnRight="3.0mm" freeSpaceAbove=">5.0mm" freeSpaceBelow=">5.0mm" left="65.7mm" right="68.0mm" bottom="-22.0mm" top="-16.4mm" />
</CongestedRegion>

<CongestedRegion probabilityOfFailure="0.1%" left="71.9mm" right="72.7mm" bottom="-15.6mm" top="-14.8mm" width="0.9mm" height="0.8mm">
    <NearbyComponent name="R57" edgeDistance="0mm" overlapDepth="0.806mm" directions="left,right,bottom,top" regionWithinComponent left="71.9mm" right="72.7mm" bottom="-17.1mm" top="-14.8mm" />
    <NearbyComponent name="CP2" edgeDistance="0.44mm" directions="bottom" freeSpaceOnLeft="0.0mm" freeSpaceOnRight="0.0mm" freeSpaceBelow="0.0mm" left="71.0mm" right="75.7mm" bottom="-18.8mm" top="-16.1mm" />
    <NearbyComponent name="Q6" edgeDistance="2.713mm" directions="top" freeSpaceOnLeft="0.0mm" freeSpaceOnRight="0.0mm" freeSpaceAbove="0.0mm" left="71.7mm" right="75.0mm" bottom="-12.1mm" top="-9.4mm" />
    <NearbyComponent name="U6" edgeDistance="3.905mm" directions="left,bottom" freeSpaceOnLeft="4.0mm" freeSpaceBelow=">5.0mm" left="65.7mm" right="68.0mm" bottom="-22.0mm" top="-16.4mm" />
    <NearbyComponent name="C54" edgeDistance="3.973mm" directions="top" freeSpaceOnLeft="0.0mm" freeSpaceOnRight="0.0mm" freeSpaceAbove="0.0mm" left="70.8mm" right="73.0mm" bottom="-10.8mm" top="-9.9mm" />
</CongestedRegion>

<CongestedRegion probabilityOfFailure="0.1%" left="91.1mm" right="91.5mm" bottom="-15.8mm" top="-14.1mm" width="0.4mm" height="1.7mm">
    <NearbyComponent name="U7" edgeDistance="0mm" overlapDepth="0.4mm" directions="left,right,bottom,top" regionWithinComponent left="87.2mm" right="91.5mm" bottom="-15.8mm" top="-8.5mm" />
    <NearbyComponent name="R54" edgeDistance="4.978mm" directions="right" freeSpaceOnRight=">5.0mm" freeSpaceAbove="3.6mm" freeSpaceBelow="3.8mm" left="96.5mm" right="97.4mm" bottom="-17.9mm" top="-15.5mm" />
</CongestedRegion>

<CongestedRegion probabilityOfFailure="0.1%" left="89.2mm" right="89.6mm" bottom="-15.8mm" top="-14.1mm" width="0.4mm" height="1.7mm">
    <NearbyComponent name="U7" edgeDistance="0mm" overlapDepth="0.4mm" directions="left,right,bottom,top" regionWithinComponent left="87.2mm" right="91.5mm" bottom="-15.8mm" top="-8.5mm" />
</CongestedRegion>

<CongestedRegion probabilityOfFailure="0.1%" left="88.5mm" right="88.9mm" bottom="-15.8mm" top="-14.1mm" width="0.4mm" height="1.7mm">
    <NearbyComponent name="U7" edgeDistance="0mm" overlapDepth="0.4mm" directions="left,right,bottom,top" regionWithinComponent left="87.2mm" right="91.5mm" bottom="-15.8mm" top="-8.5mm" />
</CongestedRegion>

<CongestedRegion probabilityOfFailure="0.1%" left="87.9mm" right="88.3mm" bottom="-15.8mm" top="-14.1mm" width="0.4mm" height="1.7mm">
    <NearbyComponent name="U7" edgeDistance="0mm" overlapDepth="0.4mm" directions="left,right,bottom,top" regionWithinComponent left="87.2mm" right="91.5mm" bottom="-15.8mm" top="-8.5mm" />
</CongestedRegion>

<CongestedRegion probabilityOfFailure="0.1%" left="87.2mm" right="87.6mm" bottom="-15.8mm" top="-14.1mm" width="0.4mm" height="1.7mm">
    <NearbyComponent name="U7" edgeDistance="0mm" overlapDepth="0.4mm" directions="left,right,bottom,top" regionWithinComponent left="87.2mm" right="91.5mm" bottom="-15.8mm" top="-8.5mm" />
</CongestedRegion>

<CongestedRegion probabilityOfFailure="0.1%" left="87.2mm" right="87.6mm" bottom="-10.2mm" top="-8.5mm" width="0.4mm" height="1.7mm">
    <NearbyComponent name="U7" edgeDistance="0mm" overlapDepth="0.4mm" directions="left,right,bottom,top" regionWithinComponent left="87.2mm" right="91.5mm" bottom="-15.8mm" top="-8.5mm" />
</CongestedRegion>

<CongestedRegion probabilityOfFailure="0.1%" left="87.9mm" right="88.3mm" bottom="-10.2mm" top="-8.5mm" width="0.4mm" height="1.7mm">
    <NearbyComponent name="U7" edgeDistance="0mm" overlapDepth="0.4mm" directions="left,right,bottom,top" regionWithinComponent left="87.2mm" right="91.5mm" bottom="-15.8mm" top="-8.5mm" />
</CongestedRegion>

<CongestedRegion probabilityOfFailure="0.1%" left="89.2mm" right="89.6mm" bottom="-10.2mm" top="-8.5mm" width="0.4mm" height="1.7mm">
    <NearbyComponent name="U7" edgeDistance="0mm" overlapDepth="0.4mm" directions="left,right,bottom,top" regionWithinComponent left="87.2mm" right="91.5mm" bottom="-15.8mm" top="-8.5mm" />
</CongestedRegion>

<CongestedRegion probabilityOfFailure="0.1%" left="91.1mm" right="91.5mm" bottom="-10.2mm" top="-8.5mm" width="0.4mm" height="1.7mm">
    <NearbyComponent name="U7" edgeDistance="0mm" overlapDepth="0.4mm" directions="left,right,bottom,top" regionWithinComponent left="87.2mm" right="91.5mm" bottom="-15.8mm" top="-8.5mm" />
    <NearbyComponent name="C26" edgeDistance="4.96mm" directions="right" freeSpaceOnRight="0.0mm" freeSpaceAbove="0.0mm" freeSpaceBelow="0.0mm" left="96.5mm" right="97.4mm" bottom="-8.6mm" top="-6.4mm" />
</CongestedRegion>

<CongestedRegion probabilityOfFailure="0.1%" left="75.8mm" right="76.3mm" bottom="16.0mm" top="17.1mm" width="0.5mm" height="1.1mm">
    <NearbyComponent name="U9" edgeDistance="0mm" overlapDepth="0.532mm" directions="left,right,bottom,top" regionWithinComponent left="74.9mm" right="77.3mm" bottom="16.0mm" top="19.4mm" />
    <NearbyComponent name="C9" edgeDistance="4.504mm" directions="right" freeSpaceOnRight=">5.0mm" freeSpaceAbove=">5.0mm" freeSpaceBelow=">5.0mm" left="80.8mm" right="81.7mm" bottom="15.5mm" top="17.7mm" />
    <NearbyComponent name="TP114" edgeDistance="4.679mm" directions="left" freeSpaceOnLeft=">5.0mm" freeSpaceAbove="2.5mm" freeSpaceBelow="2.6mm" left="67.7mm" right="71.1mm" bottom="15.8mm" top="17.6mm" />
    <NearbyComponent name="C29" edgeDistance="4.955mm" directions="bottom" freeSpaceOnLeft=">5.0mm" freeSpaceOnRight=">5.0mm" freeSpaceBelow="4.8mm" left="75.6mm" right="76.5mm" bottom="8.8mm" top="11.0mm" />
</CongestedRegion>

<CongestedRegion probabilityOfFailure="0.1%" left="-50.2mm" right="-49.4mm" bottom="-3.5mm" top="-3.3mm" width="0.9mm" height="0.2mm">
    <NearbyComponent name="C59" edgeDistance="0mm" overlapDepth="0.18mm" directions="left,right,bottom,top" regionWithinComponent left="-50.7mm" right="-48.5mm" bottom="-3.5mm" top="-2.6mm" />
    <NearbyComponent name="NT1" edgeDistance="2.687mm" directions="left,bottom" freeSpaceOnLeft="3.6mm" freeSpaceBelow=">5.0mm" left="-53.4mm" right="-51.1mm" bottom="-6.9mm" top="-6.0mm" />
</CongestedRegion>

<CongestedRegion probabilityOfFailure="0.1%" left="-55.0mm" right="-54.1mm" bottom="21.2mm" top="21.4mm" width="0.9mm" height="0.2mm">
    <NearbyComponent name="VR1" edgeDistance="1.235mm" directions="bottom" freeSpaceOnLeft="2.8mm" freeSpaceOnRight="1.2mm" freeSpaceBelow=">5.0mm" left="-55.0mm" right="-51.9mm" bottom="15.4mm" top="20.0mm" />
    <NearbyComponent name="C62" edgeDistance="1.4mm" directions="left" freeSpaceOnLeft="1.4mm" freeSpaceAbove=">5.0mm" freeSpaceBelow="3.2mm" left="-58.6mm" right="-56.4mm" bottom="20.5mm" top="21.4mm" />
    <NearbyComponent name="C43" edgeDistance="2.727mm" directions="left,top" freeSpaceOnLeft="1.4mm" freeSpaceAbove="4.1mm" left="-58.6mm" right="-56.4mm" bottom="23.7mm" top="24.6mm" />
    <NearbyComponent name="TP14" edgeDistance="4.226mm" directions="right,bottom" freeSpaceOnRight="1.6mm" freeSpaceBelow="2.5mm" left="-49.8mm" right="-46.4mm" bottom="19.3mm" top="21.1mm" />
    <NearbyComponent name="TP13" edgeDistance="4.764mm" directions="left,bottom" freeSpaceOnLeft="2.9mm" freeSpaceBelow=">5.0mm" left="-61.2mm" right="-57.8mm" bottom="15.5mm" top="17.3mm" />
</CongestedRegion>

<CongestedRegion probabilityOfFailure="0.1%" left="-67.1mm" right="-66.5mm" bottom="3.3mm" top="3.5mm" width="0.7mm" height="0.1mm">
    <NearbyComponent name="TP3" edgeDistance="0mm" overlapDepth="0.115mm" directions="left,right,top" freeSpaceAbove=">5.0mm" left="-69.4mm" right="-66.0mm" bottom="3.3mm" top="5.1mm" />
    <NearbyComponent name="U13" edgeDistance="0.39mm" directions="left,bottom" freeSpaceOnLeft="4.4mm" freeSpaceBelow="3.7mm" left="-69.4mm" right="-67.1mm" bottom="0.6mm" top="3.0mm" />
    <NearbyComponent name="R73" edgeDistance="3.754mm" directions="left,top" freeSpaceOnLeft="4.9mm" freeSpaceAbove="4.7mm" left="-70.4mm" right="-68.1mm" bottom="7.1mm" top="7.9mm" />
    <NearbyComponent name="C42" edgeDistance="3.99mm" directions="right" freeSpaceOnRight=">5.0mm" freeSpaceAbove="3.6mm" freeSpaceBelow=">5.0mm" left="-62.5mm" right="-61.1mm" bottom="0.1mm" top="3.5mm" />
</CongestedRegion>

<CongestedRegion probabilityOfFailure="0.1%" left="-78.0mm" right="-77.7mm" bottom="26.5mm" top="27.2mm" width="0.3mm" height="0.8mm">
    <NearbyComponent name="C76" edgeDistance="0mm" overlapDepth="0.257mm" directions="left,right,bottom,top" regionWithinComponent left="-78.6mm" right="-77.7mm" bottom="25.0mm" top="27.2mm" />
    <NearbyComponent name="C77" edgeDistance="3.343mm" directions="left" freeSpaceOnLeft=">5.0mm" freeSpaceAbove=">5.0mm" freeSpaceBelow=">5.0mm" left="-82.2mm" right="-81.3mm" bottom="25.0mm" top="27.2mm" />
</CongestedRegion>

<CongestedRegion probabilityOfFailure="0.1%" left="-19.7mm" right="-18.8mm" bottom="11.3mm" top="11.5mm" width="0.8mm" height="0.1mm">
    <NearbyComponent name="R5" edgeDistance="0mm" overlapDepth="0.149mm" directions="left,right,bottom,top" regionWithinComponent left="-19.8mm" right="-17.5mm" bottom="11.3mm" top="12.2mm" />
    <NearbyComponent name="C5" edgeDistance="3.432mm" directions="left" freeSpaceOnLeft=">5.0mm" freeSpaceAbove=">5.0mm" freeSpaceBelow=">5.0mm" left="-25.3mm" right="-23.1mm" bottom="11.3mm" top="12.2mm" />
    <NearbyComponent name="C49" edgeDistance="3.971mm" directions="left,bottom" freeSpaceOnLeft=">5.0mm" freeSpaceBelow=">5.0mm" left="-25.3mm" right="-23.1mm" bottom="8.4mm" top="9.3mm" />
    <NearbyComponent name="R40" edgeDistance="4.119mm" directions="right,bottom" freeSpaceOnRight=">5.0mm" freeSpaceBelow=">5.0mm" left="-14.7mm" right="-13.9mm" bottom="8.8mm" top="11.1mm" />
</CongestedRegion>

<CongestedRegion probabilityOfFailure="0.1%" left="-79.3mm" right="-75.3mm" bottom="11.8mm" top="12.7mm" width="4.0mm" height="0.9mm">
    <NearbyComponent name="SW_RIGHT" edgeDistance="0mm" overlapDepth="0.895mm" directions="left,right,bottom,top" regionWithinComponent left="-82.3mm" right="-75.3mm" bottom="6.7mm" top="12.9mm" />
    <NearbyComponent name="U5" edgeDistance="0.505mm" directions="top" freeSpaceOnLeft="4.4mm" freeSpaceOnRight="3.6mm" freeSpaceAbove="4.1mm" left="-78.0mm" right="-75.7mm" bottom="13.2mm" top="15.6mm" />
    <NearbyComponent name="L2" edgeDistance="2.62mm" directions="bottom" freeSpaceOnLeft="0.0mm" freeSpaceOnRight="0.0mm" freeSpaceBelow="0.0mm" left="-79.7mm" right="-75.8mm" bottom="7.0mm" top="9.1mm" />
    <NearbyComponent name="C57" edgeDistance="3.158mm" directions="left,top" freeSpaceOnLeft=">5.0mm" freeSpaceAbove=">5.0mm" left="-83.3mm" right="-82.4mm" bottom="13.3mm" top="15.5mm" />
    <NearbyComponent name="TP4" edgeDistance="3.613mm" directions="right,top" freeSpaceOnRight="0.0mm" freeSpaceAbove="0.0mm" left="-72.1mm" right="-68.7mm" bottom="14.3mm" top="16.1mm" />
    <NearbyComponent name="C21" edgeDistance="4.465mm" directions="right,top" freeSpaceOnRight="0.0mm" freeSpaceAbove="0.0mm" left="-70.9mm" right="-69.5mm" bottom="12.7mm" top="16.1mm" />
</CongestedRegion>

<CongestedRegion probabilityOfFailure="0.1%" left="-51.0mm" right="-50.4mm" bottom="8.8mm" top="9.7mm" width="0.6mm" height="0.9mm">
    <NearbyComponent name="C23" edgeDistance="0mm" overlapDepth="0.3mm" directions="right,bottom,top" freeSpaceOnRight=">5.0mm" left="-50.7mm" right="-48.5mm" bottom="8.8mm" top="9.7mm" />
    <NearbyComponent name="U4" edgeDistance="4.338mm" directions="bottom" freeSpaceOnLeft=">5.0mm" freeSpaceOnRight=">5.0mm" freeSpaceBelow="4.3mm" left="-50.4mm" right="-48.7mm" bottom="1.8mm" top="4.4mm" />
</CongestedRegion>

<CongestedRegion probabilityOfFailure="0.1%" left="-29.7mm" right="-29.2mm" bottom="34.3mm" top="36.0mm" width="0.5mm" height="1.8mm">
    <NearbyComponent name="TP81" edgeDistance="0mm" directions="left" freeSpaceOnLeft=">5.0mm" freeSpaceAbove="1.6mm" freeSpaceBelow="1.7mm" left="-33.1mm" right="-29.7mm" bottom="34.3mm" top="36.0mm" />
    <NearbyComponent name="TP80" edgeDistance="1.64mm" directions="left,top" freeSpaceOnLeft="0.6mm" freeSpaceAbove=">5.0mm" left="-33.1mm" right="-29.7mm" bottom="37.7mm" top="39.5mm" />
    <NearbyComponent name="C47" edgeDistance="1.72mm" directions="bottom" freeSpaceOnLeft="3.3mm" freeSpaceOnRight=">5.0mm" freeSpaceBelow=">5.0mm" left="-31.4mm" right="-29.2mm" bottom="31.6mm" top="32.5mm" />
    <NearbyComponent name="Q8" edgeDistance="4.251mm" directions="right,top" freeSpaceOnRight=">5.0mm" freeSpaceAbove="3.1mm" left="-28.9mm" right="-25.6mm" bottom="40.3mm" top="43.0mm" />
    <NearbyComponent name="C11" edgeDistance="4.715mm" directions="left,top" freeSpaceOnLeft="0.0mm" freeSpaceAbove="0.0mm" left="-35.9mm" right="-33.7mm" bottom="38.5mm" top="39.4mm" />
    <NearbyComponent name="C45" edgeDistance="4.96mm" directions="bottom" freeSpaceOnLeft=">5.0mm" freeSpaceOnRight=">5.0mm" freeSpaceBelow=">5.0mm" left="-31.4mm" right="-29.2mm" bottom="28.4mm" top="29.3mm" />
</CongestedRegion>

<CongestedRegion probabilityOfFailure="0.1%" left="-62.3mm" right="-61.7mm" bottom="45.7mm" top="46.6mm" width="0.6mm" height="0.9mm">
    <NearbyComponent name="Z57" edgeDistance="0mm" directions="left" freeSpaceOnLeft=">5.0mm" freeSpaceAbove=">5.0mm" freeSpaceBelow="3.8mm" left="-64.5mm" right="-62.3mm" bottom="45.7mm" top="46.6mm" />
    <NearbyComponent name="C70" edgeDistance="1.26mm" directions="left,top" freeSpaceOnLeft=">5.0mm" freeSpaceAbove=">5.0mm" left="-64.5mm" right="-62.3mm" bottom="47.8mm" top="48.7mm" />
    <NearbyComponent name="Q2" edgeDistance="3.805mm" directions="bottom" freeSpaceOnLeft="1.0mm" freeSpaceOnRight="4.2mm" freeSpaceBelow="2.7mm" left="-64.6mm" right="-62.2mm" bottom="38.5mm" top="41.9mm" />
    <NearbyComponent name="Z58" edgeDistance="3.83mm" directions="right" freeSpaceOnRight=">5.0mm" freeSpaceAbove=">5.0mm" freeSpaceBelow="3.8mm" left="-57.9mm" right="-55.7mm" bottom="45.7mm" top="46.6mm" />
    <NearbyComponent name="C71" edgeDistance="4.032mm" directions="right,top" freeSpaceOnRight=">5.0mm" freeSpaceAbove=">5.0mm" left="-57.9mm" right="-55.7mm" bottom="47.8mm" top="48.7mm" />
    <NearbyComponent name="JP1" edgeDistance="4.064mm" directions="left,bottom" freeSpaceOnLeft=">5.0mm" freeSpaceBelow=">5.0mm" left="-70.2mm" right="-65.7mm" bottom="41.3mm" top="43.3mm" />
</CongestedRegion>

<CongestedRegion probabilityOfFailure="0.1%" left="76.0mm" right="76.8mm" bottom="-2.7mm" top="-2.5mm" width="0.8mm" height="0.2mm">
    <NearbyComponent name="R49" edgeDistance="0mm" directions="left" freeSpaceOnLeft=">5.0mm" freeSpaceAbove="3.6mm" freeSpaceBelow=">5.0mm" left="73.7mm" right="76.0mm" bottom="-2.7mm" top="-1.9mm" />
    <NearbyComponent name="R51" edgeDistance="3.724mm" directions="right,bottom" freeSpaceOnRight=">5.0mm" freeSpaceBelow=">5.0mm" left="77.6mm" right="78.5mm" bottom="-8.7mm" top="-6.4mm" />
    <NearbyComponent name="R52" edgeDistance="4.061mm" directions="right" freeSpaceOnRight="4.2mm" freeSpaceAbove="4.3mm" freeSpaceBelow="3.9mm" left="80.9mm" right="83.2mm" bottom="-2.5mm" top="-1.7mm" />
    <NearbyComponent name="R50" edgeDistance="4.315mm" directions="top" freeSpaceOnLeft=">5.0mm" freeSpaceOnRight="3.2mm" freeSpaceAbove="4.8mm" left="75.6mm" right="76.5mm" bottom="1.8mm" top="4.1mm" />
</CongestedRegion>

<CongestedRegion probabilityOfFailure="0.1%" left="-70.4mm" right="-70.3mm" bottom="26.1mm" top="26.6mm" width="0.1mm" height="0.4mm">
    <NearbyComponent name="C39" edgeDistance="0mm" directions="right" freeSpaceOnRight=">5.0mm" freeSpaceAbove="4.1mm" freeSpaceBelow=">5.0mm" left="-70.3mm" right="-68.1mm" bottom="25.7mm" top="26.6mm" />
    <NearbyComponent name="U15" edgeDistance="4.13mm" directions="top" freeSpaceOnLeft=">5.0mm" freeSpaceOnRight="4.8mm" freeSpaceAbove=">5.0mm" left="-70.4mm" right="-67.9mm" bottom="30.7mm" top="34.5mm" />
</CongestedRegion>

<CongestedRegion probabilityOfFailure="0.1%" left="-68.1mm" right="-67.9mm" bottom="26.1mm" top="26.6mm" width="0.1mm" height="0.4mm">
    <NearbyComponent name="C39" edgeDistance="0mm" directions="left" freeSpaceOnLeft=">5.0mm" freeSpaceAbove="4.1mm" freeSpaceBelow=">5.0mm" left="-70.3mm" right="-68.1mm" bottom="25.7mm" top="26.6mm" />
    <NearbyComponent name="U15" edgeDistance="4.13mm" directions="top" freeSpaceOnLeft=">5.0mm" freeSpaceOnRight="4.8mm" freeSpaceAbove=">5.0mm" left="-70.4mm" right="-67.9mm" bottom="30.7mm" top="34.5mm" />
</CongestedRegion>

<CongestedRegion probabilityOfFailure="0.1%" left="-87.8mm" right="-87.3mm" bottom="-40.3mm" top="-40.1mm" width="0.5mm" height="0.1mm">
    <NearbyComponent name="SW1" edgeDistance="0mm" overlapDepth="0.146mm" directions="left,right,bottom,top" regionWithinComponent left="-88.6mm" right="-80.3mm" bottom="-44.0mm" top="-37.3mm" />
    <NearbyComponent name="R16" edgeDistance="4.913mm" directions="left,top" freeSpaceOnLeft="4.2mm" freeSpaceAbove="4.2mm" left="-93.9mm" right="-91.6mm" bottom="-37.1mm" top="-36.2mm" />
</CongestedRegion>

<CongestedRegion probabilityOfFailure="0.1%" left="36.6mm" right="37.3mm" bottom="49.4mm" top="51.1mm" width="0.7mm" height="1.6mm">
    <NearbyComponent name="EM2" edgeDistance="0mm" directions="left" freeSpaceOnLeft=">5.0mm" freeSpaceAbove="3.2mm" freeSpaceBelow="4.8mm" left="33.5mm" right="36.6mm" bottom="49.4mm" top="51.1mm" />
    <NearbyComponent name="TP25" edgeDistance="2.245mm" directions="right,bottom" freeSpaceOnRight=">5.0mm" freeSpaceBelow="0.8mm" left="37.3mm" right="40.7mm" bottom="45.4mm" top="47.2mm" />
    <NearbyComponent name="C17" edgeDistance="3.225mm" directions="top" freeSpaceOnLeft=">5.0mm" freeSpaceOnRight=">5.0mm" freeSpaceAbove=">5.0mm" left="35.9mm" right="38.1mm" bottom="54.3mm" top="55.2mm" />
    <NearbyComponent name="U2" edgeDistance="4.804mm" directions="bottom" freeSpaceOnLeft="0.0mm" freeSpaceOnRight="0.0mm" freeSpaceBelow="0.0mm" left="32.0mm" right="49.2mm" bottom="31.8mm" top="44.6mm" />
</CongestedRegion>

<CongestedRegion probabilityOfFailure="0.1%" left="60.2mm" right="61.0mm" bottom="-35.0mm" top="-34.3mm" width="0.9mm" height="0.7mm">
    <NearbyComponent name="R20" edgeDistance="0mm" overlapDepth="0.7mm" directions="right,bottom,top" freeSpaceOnRight=">5.0mm" left="60.2mm" right="61.0mm" bottom="-35.9mm" top="-33.5mm" />
</CongestedRegion>

<CongestedRegion probabilityOfFailure="0.1%" left="-26.3mm" right="-25.7mm" bottom="46.0mm" top="46.9mm" width="0.6mm" height="0.9mm">
    <NearbyComponent name="C50" edgeDistance="0mm" overlapDepth="0.6mm" directions="left,right,bottom,top" regionWithinComponent left="-27.1mm" right="-24.9mm" bottom="46.0mm" top="46.9mm" />
    <NearbyComponent name="P2" edgeDistance="0mm" overlapDepth="0.541mm" directions="left,right,top" freeSpaceAbove="0.0mm" left="-33.6mm" right="-7.5mm" bottom="46.4mm" top="50.9mm" />
    <NearbyComponent name="C34" edgeDistance="1.8mm" directions="top" freeSpaceOnLeft="0.0mm" freeSpaceOnRight="0.0mm" freeSpaceAbove="0.0mm" left="-27.1mm" right="-24.9mm" bottom="48.7mm" top="49.6mm" />
    <NearbyComponent name="Q8" edgeDistance="3.06mm" directions="bottom" freeSpaceOnLeft="4.8mm" freeSpaceOnRight=">5.0mm" freeSpaceBelow=">5.0mm" left="-28.9mm" right="-25.6mm" bottom="40.3mm" top="43.0mm" />
</CongestedRegion>

<CongestedRegion probabilityOfFailure="0.1%" left="21.9mm" right="23.4mm" bottom="47.1mm" top="47.4mm" width="1.5mm" height="0.3mm">
    <NearbyComponent name="EM1" edgeDistance="0mm" overlapDepth="0.3mm" directions="left,right,bottom,top" regionWithinComponent left="20.3mm" right="23.4mm" bottom="46.7mm" top="48.4mm" />
    <NearbyComponent name="EM3" edgeDistance="2.137mm" directions="left,top" freeSpaceOnLeft="4.3mm" freeSpaceAbove=">5.0mm" left="17.9mm" right="20.1mm" bottom="48.6mm" top="49.4mm" />
    <NearbyComponent name="C19" edgeDistance="4.575mm" directions="right,bottom" freeSpaceOnRight=">5.0mm" freeSpaceBelow=">5.0mm" left="24.4mm" right="26.6mm" bottom="41.7mm" top="42.6mm" />
</CongestedRegion>

<CongestedRegion probabilityOfFailure="0.1%" left="21.4mm" right="22.4mm" bottom="48.4mm" top="48.6mm" width="1.0mm" height="0.2mm">
    <NearbyComponent name="EM1" edgeDistance="0mm" directions="bottom" freeSpaceOnLeft=">5.0mm" freeSpaceOnRight=">5.0mm" freeSpaceBelow=">5.0mm" left="20.3mm" right="23.4mm" bottom="46.7mm" top="48.4mm" />
    <NearbyComponent name="EM3" edgeDistance="1.263mm" directions="left" freeSpaceOnLeft="4.3mm" freeSpaceAbove=">5.0mm" freeSpaceBelow=">5.0mm" left="17.9mm" right="20.1mm" bottom="48.6mm" top="49.4mm" />
</CongestedRegion>

<CongestedRegion probabilityOfFailure="0.1%" left="101.2mm" right="101.8mm" bottom="-23.4mm" top="-22.5mm" width="0.6mm" height="0.8mm">
    <NearbyComponent name="VR2" edgeDistance="0mm" overlapDepth="0.579mm" directions="left,right,bottom,top" regionWithinComponent left="101.1mm" right="115.9mm" bottom="-36.9mm" top="-21.1mm" />
    <NearbyComponent name="C35" edgeDistance="1.919mm" directions="left,top" freeSpaceOnLeft="4.6mm" freeSpaceAbove="3.8mm" left="97.1mm" right="99.3mm" bottom="-22.5mm" top="-21.6mm" />
    <NearbyComponent name="C33" edgeDistance="4.75mm" directions="top" freeSpaceOnLeft=">5.0mm" freeSpaceOnRight=">5.0mm" freeSpaceAbove="4.4mm" left="100.5mm" right="101.4mm" bottom="-17.8mm" top="-15.6mm" />
</CongestedRegion>

<CongestedRegion probabilityOfFailure="0.1%" left="-35.9mm" right="-35.6mm" bottom="37.6mm" top="39.4mm" width="0.3mm" height="1.8mm">
    <NearbyComponent name="C11" edgeDistance="0mm" overlapDepth="0.308mm" directions="left,right,top" freeSpaceAbove="0.0mm" left="-35.9mm" right="-33.7mm" bottom="38.5mm" top="39.4mm" />
    <NearbyComponent name="R1" edgeDistance="0mm" directions="right" freeSpaceOnRight="0.0mm" freeSpaceAbove="0.0mm" freeSpaceBelow="0.0mm" left="-35.6mm" right="-34.7mm" bottom="36.3mm" top="38.6mm" />
    <NearbyComponent name="TP80" edgeDistance="2.497mm" directions="right" freeSpaceOnRight=">5.0mm" freeSpaceAbove=">5.0mm" freeSpaceBelow="1.6mm" left="-33.1mm" right="-29.7mm" bottom="37.7mm" top="39.5mm" />
    <NearbyComponent name="C3" edgeDistance="2.59mm" directions="top" freeSpaceOnLeft="0.0mm" freeSpaceOnRight="0.0mm" freeSpaceAbove="0.0mm" left="-35.6mm" right="-34.7mm" bottom="42.0mm" top="44.2mm" />
    <NearbyComponent name="TP81" edgeDistance="2.957mm" directions="right,bottom" freeSpaceOnRight=">5.0mm" freeSpaceBelow="1.7mm" left="-33.1mm" right="-29.7mm" bottom="34.3mm" top="36.0mm" />
    <NearbyComponent name="C13" edgeDistance="3.24mm" directions="top" freeSpaceOnLeft="0.0mm" freeSpaceOnRight="0.0mm" freeSpaceAbove="0.0mm" left="-35.9mm" right="-33.7mm" bottom="42.6mm" top="43.5mm" />
    <NearbyComponent name="R41" edgeDistance="4.558mm" directions="right,bottom" freeSpaceOnRight="3.3mm" freeSpaceBelow="3.3mm" left="-35.6mm" right="-34.7mm" bottom="30.7mm" top="33.1mm" />
</CongestedRegion>

<CongestedRegion probabilityOfFailure="0.1%" left="-35.9mm" right="-35.6mm" bottom="42.0mm" top="43.1mm" width="0.3mm" height="1.1mm">
    <NearbyComponent name="C13" edgeDistance="0mm" overlapDepth="0.29mm" directions="left,right,top" freeSpaceAbove="0.0mm" left="-35.9mm" right="-33.7mm" bottom="42.6mm" top="43.5mm" />
    <NearbyComponent name="C3" edgeDistance="0mm" directions="right" freeSpaceOnRight="0.0mm" freeSpaceAbove="0.0mm" freeSpaceBelow="0.0mm" left="-35.6mm" right="-34.7mm" bottom="42.0mm" top="44.2mm" />
    <NearbyComponent name="C11" edgeDistance="2.59mm" directions="bottom" freeSpaceOnLeft="0.0mm" freeSpaceOnRight="0.0mm" freeSpaceBelow="0.0mm" left="-35.9mm" right="-33.7mm" bottom="38.5mm" top="39.4mm" />
    <NearbyComponent name="R1" edgeDistance="3.323mm" directions="right,bottom" freeSpaceOnRight="0.0mm" freeSpaceBelow="0.0mm" left="-35.6mm" right="-34.7mm" bottom="36.3mm" top="38.6mm" />
    <NearbyComponent name="TP80" edgeDistance="3.553mm" directions="right,bottom" freeSpaceOnRight=">5.0mm" freeSpaceBelow="1.6mm" left="-33.1mm" right="-29.7mm" bottom="37.7mm" top="39.5mm" />
    <NearbyComponent name="P2" edgeDistance="3.874mm" directions="right,top" freeSpaceOnRight="0.0mm" freeSpaceAbove="0.0mm" left="-33.6mm" right="-7.5mm" bottom="46.4mm" top="50.9mm" />
</CongestedRegion>

<CongestedRegion probabilityOfFailure="0.1%" left="-58.9mm" right="-57.9mm" bottom="28.6mm" top="28.7mm" width="1.0mm" height="0.2mm">
    <NearbyComponent name="U16" edgeDistance="0mm" overlapDepth="0.019mm" directions="left,right,top" freeSpaceAbove="0.0mm" left="-60.9mm" right="-54.1mm" bottom="28.7mm" top="32.9mm" />
    <NearbyComponent name="C61" edgeDistance="1.425mm" directions="left" freeSpaceOnLeft="0.0mm" freeSpaceAbove="0.0mm" freeSpaceBelow="0.0mm" left="-62.6mm" right="-60.4mm" bottom="28.6mm" top="29.5mm" />
    <NearbyComponent name="R7" edgeDistance="1.989mm" directions="right" freeSpaceOnRight="0.0mm" freeSpaceAbove="0.0mm" freeSpaceBelow="0.0mm" left="-55.9mm" right="-55.1mm" bottom="26.4mm" top="28.7mm" />
    <NearbyComponent name="C43" edgeDistance="3.96mm" directions="bottom" freeSpaceOnLeft="1.4mm" freeSpaceOnRight=">5.0mm" freeSpaceBelow=">5.0mm" left="-58.6mm" right="-56.4mm" bottom="23.7mm" top="24.6mm" />
    <NearbyComponent name="U11" edgeDistance="4.273mm" directions="left,bottom" freeSpaceOnLeft=">5.0mm" freeSpaceBelow="3.3mm" left="-62.5mm" right="-60.0mm" bottom="20.6mm" top="24.4mm" />
</CongestedRegion>

<CongestedRegion probabilityOfFailure="0.1%" left="21.1mm" right="22.6mm" bottom="46.7mm" top="47.1mm" width="1.5mm" height="0.4mm">
    <NearbyComponent name="EM1" edgeDistance="0mm" overlapDepth="0.35mm" directions="left,right,top" freeSpaceAbove=">5.0mm" left="20.3mm" right="23.4mm" bottom="46.7mm" top="48.4mm" />
    <NearbyComponent name="EM3" edgeDistance="1.806mm" directions="left,top" freeSpaceOnLeft="4.3mm" freeSpaceAbove=">5.0mm" left="17.9mm" right="20.1mm" bottom="48.6mm" top="49.4mm" />
    <NearbyComponent name="C19" edgeDistance="4.481mm" directions="right,bottom" freeSpaceOnRight=">5.0mm" freeSpaceBelow=">5.0mm" left="24.4mm" right="26.6mm" bottom="41.7mm" top="42.6mm" />
    <NearbyComponent name="C18" edgeDistance="4.481mm" directions="left,bottom" freeSpaceOnLeft=">5.0mm" freeSpaceBelow=">5.0mm" left="17.2mm" right="19.4mm" bottom="41.7mm" top="42.6mm" />
</CongestedRegion>

<CongestedRegion probabilityOfFailure="0.1%" left="103.3mm" right="105.2mm" bottom="-22.2mm" top="-21.8mm" width="1.9mm" height="0.4mm">
    <NearbyComponent name="VR2" edgeDistance="0mm" overlapDepth="0.368mm" directions="left,right,bottom,top" regionWithinComponent left="101.1mm" right="115.9mm" bottom="-36.9mm" top="-21.1mm" />
    <NearbyComponent name="C35" edgeDistance="3.996mm" directions="left" freeSpaceOnLeft="4.6mm" freeSpaceAbove="3.8mm" freeSpaceBelow=">5.0mm" left="97.1mm" right="99.3mm" bottom="-22.5mm" top="-21.6mm" />
    <NearbyComponent name="C33" edgeDistance="4.421mm" directions="left,top" freeSpaceOnLeft=">5.0mm" freeSpaceAbove="4.4mm" left="100.5mm" right="101.4mm" bottom="-17.8mm" top="-15.6mm" />
</CongestedRegion>

<CongestedRegion probabilityOfFailure="0.1%" left="-94.0mm" right="-93.1mm" bottom="-31.1mm" top="-29.7mm" width="0.9mm" height="1.4mm">
    <NearbyComponent name="Q3" edgeDistance="0mm" overlapDepth="0.95mm" directions="right,bottom,top" freeSpaceOnRight=">5.0mm" left="-94.0mm" right="-91.5mm" bottom="-32.1mm" top="-29.1mm" />
    <NearbyComponent name="R12" edgeDistance="4.618mm" directions="top" freeSpaceOnLeft="0.4mm" freeSpaceOnRight=">5.0mm" freeSpaceAbove=">5.0mm" left="-93.7mm" right="-91.4mm" bottom="-25.0mm" top="-24.2mm" />
    <NearbyComponent name="U3" edgeDistance="4.685mm" directions="left" freeSpaceOnLeft="2.8mm" freeSpaceAbove="3.9mm" freeSpaceBelow="4.1mm" left="-101.9mm" right="-98.7mm" bottom="-32.2mm" top="-29.7mm" />
    <NearbyComponent name="Q10" edgeDistance="4.915mm" directions="left,top" freeSpaceOnLeft=">5.0mm" freeSpaceAbove=">5.0mm" left="-97.5mm" right="-94.1mm" bottom="-24.8mm" top="-22.3mm" />
</CongestedRegion>

<CongestedRegion probabilityOfFailure="0.1%" left="-98.1mm" right="-97.7mm" bottom="-25.8mm" top="-24.9mm" width="0.4mm" height="0.9mm">
    <NearbyComponent name="R11" edgeDistance="0mm" directions="left" freeSpaceOnLeft=">5.0mm" freeSpaceAbove="4.8mm" freeSpaceBelow="3.9mm" left="-100.4mm" right="-98.1mm" bottom="-25.8mm" top="-24.9mm" />
    <NearbyComponent name="Q10" edgeDistance="0.251mm" directions="right,top" freeSpaceOnRight="0.4mm" freeSpaceAbove=">5.0mm" left="-97.5mm" right="-94.1mm" bottom="-24.8mm" top="-22.3mm" />
    <NearbyComponent name="U3" edgeDistance="3.95mm" directions="left,bottom" freeSpaceOnLeft="2.8mm" freeSpaceBelow="4.1mm" left="-101.9mm" right="-98.7mm" bottom="-32.2mm" top="-29.7mm" />
    <NearbyComponent name="R12" edgeDistance="3.968mm" directions="right" freeSpaceOnRight=">5.0mm" freeSpaceAbove=">5.0mm" freeSpaceBelow="4.0mm" left="-93.7mm" right="-91.4mm" bottom="-25.0mm" top="-24.2mm" />
    <NearbyComponent name="TP24" edgeDistance="4.798mm" directions="top" freeSpaceOnLeft=">5.0mm" freeSpaceOnRight=">5.0mm" freeSpaceAbove="2.7mm" left="-101.1mm" right="-97.7mm" bottom="-20.1mm" top="-18.3mm" />
    <NearbyComponent name="Q3" edgeDistance="4.927mm" directions="right,bottom" freeSpaceOnRight=">5.0mm" freeSpaceBelow="4.2mm" left="-94.0mm" right="-91.5mm" bottom="-32.1mm" top="-29.1mm" />
</CongestedRegion>

<CongestedRegion probabilityOfFailure="0.1%" left="72.2mm" right="72.4mm" bottom="23.9mm" top="24.8mm" width="0.2mm" height="0.9mm">
    <NearbyComponent name="R3" edgeDistance="0mm" directions="left" freeSpaceOnLeft=">5.0mm" freeSpaceAbove="3.9mm" freeSpaceBelow=">5.0mm" left="69.9mm" right="72.2mm" bottom="23.9mm" top="24.8mm" />
    <NearbyComponent name="R58" edgeDistance="2.34mm" directions="left" freeSpaceOnLeft=">5.0mm" freeSpaceAbove=">5.0mm" freeSpaceBelow=">5.0mm" left="67.5mm" right="69.8mm" bottom="24.2mm" top="25.0mm" />
    <NearbyComponent name="R63" edgeDistance="3.739mm" directions="left,bottom" freeSpaceOnLeft="3.8mm" freeSpaceBelow="2.5mm" left="67.5mm" right="69.8mm" bottom="20.1mm" top="21.0mm" />
    <NearbyComponent name="U10" edgeDistance="3.898mm" directions="top" freeSpaceOnLeft="3.5mm" freeSpaceOnRight="2.3mm" freeSpaceAbove=">5.0mm" left="70.7mm" right="73.9mm" bottom="28.7mm" top="31.2mm" />
    <NearbyComponent name="R4" edgeDistance="4.346mm" directions="right" freeSpaceOnRight=">5.0mm" freeSpaceAbove="3.8mm" freeSpaceBelow="4.5mm" left="76.7mm" right="79.0mm" bottom="23.9mm" top="24.8mm" />
</CongestedRegion>

<CongestedRegion probabilityOfFailure="0.1%" left="67.5mm" right="69.1mm" bottom="23.9mm" top="24.2mm" width="1.6mm" height="0.3mm">
    <NearbyComponent name="R58" edgeDistance="0mm" directions="top" freeSpaceOnLeft=">5.0mm" freeSpaceOnRight=">5.0mm" freeSpaceAbove=">5.0mm" left="67.5mm" right="69.8mm" bottom="24.2mm" top="25.0mm" />
    <NearbyComponent name="R3" edgeDistance="0.729mm" directions="right" freeSpaceOnRight="4.5mm" freeSpaceAbove="3.9mm" freeSpaceBelow=">5.0mm" left="69.9mm" right="72.2mm" bottom="23.9mm" top="24.8mm" />
    <NearbyComponent name="R63" edgeDistance="2.916mm" directions="bottom" freeSpaceOnLeft="3.8mm" freeSpaceOnRight=">5.0mm" freeSpaceBelow="2.5mm" left="67.5mm" right="69.8mm" bottom="20.1mm" top="21.0mm" />
    <NearbyComponent name="C12" edgeDistance="3.878mm" directions="left,bottom" freeSpaceOnLeft=">5.0mm" freeSpaceBelow=">5.0mm" left="62.8mm" right="63.7mm" bottom="20.9mm" top="23.1mm" />
    <NearbyComponent name="U17" edgeDistance="4.682mm" directions="left,top" freeSpaceOnLeft=">5.0mm" freeSpaceAbove="4.8mm" left="64.0mm" right="67.2mm" bottom="28.9mm" top="31.4mm" />
    <NearbyComponent name="U10" edgeDistance="4.75mm" directions="right,top" freeSpaceOnRight="2.3mm" freeSpaceAbove=">5.0mm" left="70.7mm" right="73.9mm" bottom="28.7mm" top="31.2mm" />
</CongestedRegion>

<CongestedRegion probabilityOfFailure="0.1%" left="83.0mm" right="84.0mm" bottom="30.9mm" top="31.2mm" width="1.1mm" height="0.3mm">
    <NearbyComponent name="Q9" edgeDistance="0mm" directions="bottom" freeSpaceOnLeft="0.0mm" freeSpaceOnRight="0.0mm" freeSpaceBelow="0.0mm" left="83.0mm" right="85.4mm" bottom="27.5mm" top="30.9mm" />
    <NearbyComponent name="C68" edgeDistance="1.415mm" directions="bottom" freeSpaceOnLeft="0.0mm" freeSpaceOnRight="0.0mm" freeSpaceBelow="0.0mm" left="83.6mm" right="85.8mm" bottom="28.6mm" top="29.5mm" />
    <NearbyComponent name="R18" edgeDistance="3.932mm" directions="left" freeSpaceOnLeft="0.0mm" freeSpaceAbove="0.0mm" freeSpaceBelow="0.0mm" left="78.2mm" right="79.0mm" bottom="28.8mm" top="31.1mm" />
    <NearbyComponent name="C10" edgeDistance="4.74mm" directions="left,bottom" freeSpaceOnLeft="0.0mm" freeSpaceBelow="0.0mm" left="76.2mm" right="78.4mm" bottom="28.6mm" top="29.5mm" />
</CongestedRegion>

<CongestedRegion probabilityOfFailure="0.1%" left="-94.7mm" right="-94.4mm" bottom="-9.1mm" top="-8.0mm" width="0.3mm" height="1.1mm">
    <NearbyComponent name="SW_DOWN" edgeDistance="0mm" overlapDepth="0.275mm" directions="left,right,top" freeSpaceAbove="0.0mm" left="-98.1mm" right="-91.1mm" bottom="-9.1mm" top="-2.9mm" />
    <NearbyComponent name="C78" edgeDistance="0.44mm" directions="top" freeSpaceOnLeft="0.0mm" freeSpaceOnRight="0.0mm" freeSpaceAbove="0.0mm" left="-95.3mm" right="-94.4mm" bottom="-7.5mm" top="-5.3mm" />
    <NearbyComponent name="TP30" edgeDistance="2.23mm" directions="bottom" freeSpaceOnLeft=">5.0mm" freeSpaceOnRight=">5.0mm" freeSpaceBelow=">5.0mm" left="-94.7mm" right="-91.2mm" bottom="-13.1mm" top="-11.3mm" />
    <NearbyComponent name="R8" edgeDistance="3.728mm" directions="right,top" freeSpaceOnRight="4.0mm" freeSpaceAbove=">5.0mm" left="-90.7mm" right="-89.8mm" bottom="-7.6mm" top="-5.3mm" />
</CongestedRegion>

<CongestedRegion probabilityOfFailure="0.1%" left="-77.2mm" right="-77.0mm" bottom="15.0mm" top="15.6mm" width="0.2mm" height="0.6mm">
    <NearbyComponent name="U5" edgeDistance="0mm" overlapDepth="0.2mm" directions="left,right,bottom,top" regionWithinComponent left="-78.0mm" right="-75.7mm" bottom="13.2mm" top="15.6mm" />
    <NearbyComponent name="SW_RIGHT" edgeDistance="2.1mm" directions="bottom" freeSpaceOnLeft="0.0mm" freeSpaceOnRight="0.0mm" freeSpaceBelow="0.0mm" left="-82.3mm" right="-75.3mm" bottom="6.7mm" top="12.9mm" />
    <NearbyComponent name="R60" edgeDistance="4.128mm" directions="top" freeSpaceOnLeft=">5.0mm" freeSpaceOnRight=">5.0mm" freeSpaceAbove="4.5mm" left="-78.0mm" right="-75.7mm" bottom="19.7mm" top="20.5mm" />
    <NearbyComponent name="TP4" edgeDistance="4.879mm" directions="right" freeSpaceOnRight="0.0mm" freeSpaceAbove="0.0mm" freeSpaceBelow="0.0mm" left="-72.1mm" right="-68.7mm" bottom="14.3mm" top="16.1mm" />
</CongestedRegion>

<CongestedRegion probabilityOfFailure="0.1%" left="-61.1mm" right="-60.4mm" bottom="-17.9mm" top="-17.8mm" width="0.7mm" height="0.2mm">
    <NearbyComponent name="PTC1" edgeDistance="0mm" directions="top" freeSpaceOnLeft="1.7mm" freeSpaceOnRight=">5.0mm" freeSpaceAbove=">5.0mm" left="-61.1mm" right="-59.6mm" bottom="-17.8mm" top="-14.6mm" />
    <NearbyComponent name="U18" edgeDistance="1.716mm" directions="left" freeSpaceOnLeft="0.0mm" freeSpaceAbove="0.0mm" freeSpaceBelow="0.0mm" left="-66.6mm" right="-62.8mm" bottom="-17.9mm" top="-15.4mm" />
    <NearbyComponent name="F1" edgeDistance="3.466mm" directions="bottom" freeSpaceOnLeft=">5.0mm" freeSpaceOnRight=">5.0mm" freeSpaceBelow=">5.0mm" left="-63.7mm" right="-59.6mm" bottom="-23.1mm" top="-21.4mm" />
    <NearbyComponent name="D1" edgeDistance="3.604mm" directions="left,top" freeSpaceOnLeft="0.0mm" freeSpaceAbove="0.0mm" left="-65.1mm" right="-64.7mm" bottom="-17.2mm" top="-14.1mm" />
</CongestedRegion>

<CongestedRegion probabilityOfFailure="0.1%" left="-60.7mm" right="-59.9mm" bottom="28.6mm" top="28.7mm" width="0.8mm" height="0.1mm">
    <NearbyComponent name="C61" edgeDistance="0mm" overlapDepth="0.148mm" directions="left,bottom,top" freeSpaceOnLeft="0.0mm" left="-62.6mm" right="-60.4mm" bottom="28.6mm" top="29.5mm" />
    <NearbyComponent name="U16" edgeDistance="0mm" directions="top" freeSpaceOnLeft="0.0mm" freeSpaceOnRight="0.0mm" freeSpaceAbove="0.0mm" left="-60.9mm" right="-54.1mm" bottom="28.7mm" top="32.9mm" />
    <NearbyComponent name="R7" edgeDistance="4mm" directions="right" freeSpaceOnRight="0.0mm" freeSpaceAbove="0.0mm" freeSpaceBelow="0.0mm" left="-55.9mm" right="-55.1mm" bottom="26.4mm" top="28.7mm" />
    <NearbyComponent name="U11" edgeDistance="4.13mm" directions="bottom" freeSpaceOnLeft=">5.0mm" freeSpaceOnRight="1.4mm" freeSpaceBelow="3.3mm" left="-62.5mm" right="-60.0mm" bottom="20.6mm" top="24.4mm" />
    <NearbyComponent name="C43" edgeDistance="4.184mm" directions="right,bottom" freeSpaceOnRight=">5.0mm" freeSpaceBelow=">5.0mm" left="-58.6mm" right="-56.4mm" bottom="23.7mm" top="24.6mm" />
    <NearbyComponent name="R67" edgeDistance="4.969mm" directions="left,top" freeSpaceOnLeft="4.8mm" freeSpaceAbove="2.7mm" left="-63.1mm" right="-62.3mm" bottom="33.4mm" top="35.8mm" />
</CongestedRegion>

<CongestedRegion probabilityOfFailure="0.1%" left="-59.9mm" right="-59.1mm" bottom="28.6mm" top="28.7mm" width="0.8mm" height="0.1mm">
    <NearbyComponent name="U16" edgeDistance="0mm" directions="top" freeSpaceOnLeft="0.0mm" freeSpaceOnRight="0.0mm" freeSpaceAbove="0.0mm" left="-60.9mm" right="-54.1mm" bottom="28.7mm" top="32.9mm" />
    <NearbyComponent name="C61" edgeDistance="0.408mm" directions="left" freeSpaceOnLeft="0.0mm" freeSpaceAbove="0.0mm" freeSpaceBelow="0.0mm" left="-62.6mm" right="-60.4mm" bottom="28.6mm" top="29.5mm" />
    <NearbyComponent name="R7" edgeDistance="3.2mm" directions="right" freeSpaceOnRight="0.0mm" freeSpaceAbove="0.0mm" freeSpaceBelow="0.0mm" left="-55.9mm" right="-55.1mm" bottom="26.4mm" top="28.7mm" />
    <NearbyComponent name="C43" edgeDistance="3.998mm" directions="right,bottom" freeSpaceOnRight=">5.0mm" freeSpaceBelow=">5.0mm" left="-58.6mm" right="-56.4mm" bottom="23.7mm" top="24.6mm" />
    <NearbyComponent name="U11" edgeDistance="4.131mm" directions="left,bottom" freeSpaceOnLeft=">5.0mm" freeSpaceBelow="3.3mm" left="-62.5mm" right="-60.0mm" bottom="20.6mm" top="24.4mm" />
</CongestedRegion>

<CongestedRegion probabilityOfFailure="0.1%" left="-35.1mm" right="-34.5mm" bottom="38.5mm" top="39.4mm" width="0.6mm" height="0.9mm">
    <NearbyComponent name="C11" edgeDistance="0mm" overlapDepth="0.6mm" directions="left,right,bottom,top" regionWithinComponent left="-35.9mm" right="-33.7mm" bottom="38.5mm" top="39.4mm" />
    <NearbyComponent name="R1" edgeDistance="0mm" overlapDepth="0.167mm" directions="left,bottom" freeSpaceOnLeft="0.0mm" freeSpaceBelow="0.0mm" left="-35.6mm" right="-34.7mm" bottom="36.3mm" top="38.6mm" />
    <NearbyComponent name="TP80" edgeDistance="1.405mm" directions="right" freeSpaceOnRight=">5.0mm" freeSpaceAbove=">5.0mm" freeSpaceBelow="1.6mm" left="-33.1mm" right="-29.7mm" bottom="37.7mm" top="39.5mm" />
    <NearbyComponent name="C3" edgeDistance="2.59mm" directions="top" freeSpaceOnLeft="0.0mm" freeSpaceOnRight="0.0mm" freeSpaceAbove="0.0mm" left="-35.6mm" right="-34.7mm" bottom="42.0mm" top="44.2mm" />
    <NearbyComponent name="TP81" edgeDistance="2.816mm" directions="right,bottom" freeSpaceOnRight=">5.0mm" freeSpaceBelow="1.7mm" left="-33.1mm" right="-29.7mm" bottom="34.3mm" top="36.0mm" />
    <NearbyComponent name="C13" edgeDistance="3.24mm" directions="top" freeSpaceOnLeft="0.0mm" freeSpaceOnRight="0.0mm" freeSpaceAbove="0.0mm" left="-35.9mm" right="-33.7mm" bottom="42.6mm" top="43.5mm" />
</CongestedRegion>

<CongestedRegion probabilityOfFailure="0.1%" left="78.4mm" right="79.0mm" bottom="28.6mm" top="29.5mm" width="0.6mm" height="0.9mm">
    <NearbyComponent name="R18" edgeDistance="0mm" overlapDepth="0.592mm" directions="left,right,top" freeSpaceAbove="0.0mm" left="78.2mm" right="79.0mm" bottom="28.8mm" top="31.1mm" />
    <NearbyComponent name="C10" edgeDistance="0mm" directions="left" freeSpaceOnLeft="0.0mm" freeSpaceAbove="0.0mm" freeSpaceBelow="0.0mm" left="76.2mm" right="78.4mm" bottom="28.6mm" top="29.5mm" />
    <NearbyComponent name="R4" edgeDistance="3.798mm" directions="bottom" freeSpaceOnLeft="4.5mm" freeSpaceOnRight=">5.0mm" freeSpaceBelow="4.5mm" left="76.7mm" right="79.0mm" bottom="23.9mm" top="24.8mm" />
    <NearbyComponent name="Q9" edgeDistance="3.932mm" directions="right" freeSpaceOnRight="0.0mm" freeSpaceAbove="0.0mm" freeSpaceBelow="0.0mm" left="83.0mm" right="85.4mm" bottom="27.5mm" top="30.9mm" />
    <NearbyComponent name="U10" edgeDistance="4.54mm" directions="left" freeSpaceOnLeft="3.5mm" freeSpaceAbove=">5.0mm" freeSpaceBelow="3.9mm" left="70.7mm" right="73.9mm" bottom="28.7mm" top="31.2mm" />
    <NearbyComponent name="C68" edgeDistance="4.588mm" directions="right" freeSpaceOnRight="0.0mm" freeSpaceAbove="0.0mm" freeSpaceBelow="0.0mm" left="83.6mm" right="85.8mm" bottom="28.6mm" top="29.5mm" />
</CongestedRegion>

<CongestedRegion probabilityOfFailure="0.1%" left="99.8mm" right="100.6mm" bottom="-11.2mm" top="-11.0mm" width="0.8mm" height="0.1mm">
    <NearbyComponent name="R47" edgeDistance="0mm" overlapDepth="0mm" directions="right,bottom,top" freeSpaceOnRight=">5.0mm" left="100.6mm" right="101.4mm" bottom="-11.2mm" top="-8.9mm" />
    <NearbyComponent name="R53" edgeDistance="0.409mm" directions="left" freeSpaceOnLeft=">5.0mm" freeSpaceAbove="2.4mm" freeSpaceBelow="3.6mm" left="97.1mm" right="99.4mm" bottom="-11.9mm" top="-11.0mm" />
    <NearbyComponent name="C24" edgeDistance="2.492mm" directions="right,top" freeSpaceOnRight=">5.0mm" freeSpaceAbove="3.1mm" left="103.0mm" right="103.9mm" bottom="-10.4mm" top="-8.2mm" />
    <NearbyComponent name="R34" edgeDistance="3.123mm" directions="left,top" freeSpaceOnLeft="0.0mm" freeSpaceAbove="0.0mm" left="97.1mm" right="99.4mm" bottom="-7.9mm" top="-7.1mm" />
    <NearbyComponent name="C26" edgeDistance="3.397mm" directions="left,top" freeSpaceOnLeft="0.0mm" freeSpaceAbove="0.0mm" left="96.5mm" right="97.4mm" bottom="-8.6mm" top="-6.4mm" />
    <NearbyComponent name="R42" edgeDistance="3.87mm" directions="right" freeSpaceOnRight=">5.0mm" freeSpaceAbove=">5.0mm" freeSpaceBelow=">5.0mm" left="104.4mm" right="105.3mm" bottom="-11.2mm" top="-8.9mm" />
    <NearbyComponent name="C33" edgeDistance="4.403mm" directions="bottom" freeSpaceOnLeft=">5.0mm" freeSpaceOnRight=">5.0mm" freeSpaceBelow="3.3mm" left="100.5mm" right="101.4mm" bottom="-17.8mm" top="-15.6mm" />
    <NearbyComponent name="R54" edgeDistance="4.962mm" directions="left,bottom" freeSpaceOnLeft="5.0mm" freeSpaceBelow="3.8mm" left="96.5mm" right="97.4mm" bottom="-17.9mm" top="-15.5mm" />
</CongestedRegion>

<CongestedRegion probabilityOfFailure="0.1%" left="98.0mm" right="98.7mm" bottom="-7.9mm" top="-7.8mm" width="0.6mm" height="0.1mm">
    <NearbyComponent name="R34" edgeDistance="0mm" overlapDepth="0.132mm" directions="left,right,bottom,top" regionWithinComponent left="97.1mm" right="99.4mm" bottom="-7.9mm" top="-7.1mm" />
    <NearbyComponent name="C26" edgeDistance="0.634mm" directions="left" freeSpaceOnLeft="0.0mm" freeSpaceAbove="0.0mm" freeSpaceBelow="0.0mm" left="96.5mm" right="97.4mm" bottom="-8.6mm" top="-6.4mm" />
    <NearbyComponent name="R47" edgeDistance="2.117mm" directions="right,bottom" freeSpaceOnRight=">5.0mm" freeSpaceBelow="4.4mm" left="100.6mm" right="101.4mm" bottom="-11.2mm" top="-8.9mm" />
    <NearbyComponent name="R53" edgeDistance="3.096mm" directions="bottom" freeSpaceOnLeft=">5.0mm" freeSpaceOnRight=">5.0mm" freeSpaceBelow="3.6mm" left="97.1mm" right="99.4mm" bottom="-11.9mm" top="-11.0mm" />
    <NearbyComponent name="R46" edgeDistance="3.667mm" directions="right,top" freeSpaceOnRight=">5.0mm" freeSpaceAbove="3.4mm" left="101.2mm" right="103.5mm" bottom="-5.2mm" top="-4.3mm" />
    <NearbyComponent name="C24" edgeDistance="4.321mm" directions="right,bottom" freeSpaceOnRight=">5.0mm" freeSpaceBelow=">5.0mm" left="103.0mm" right="103.9mm" bottom="-10.4mm" top="-8.2mm" />
</CongestedRegion>

<CongestedRegion probabilityOfFailure="0.1%" left="-68.6mm" right="-68.4mm" bottom="2.4mm" top="3.0mm" width="0.2mm" height="0.6mm">
    <NearbyComponent name="U13" edgeDistance="0mm" overlapDepth="0.2mm" directions="left,right,bottom,top" regionWithinComponent left="-69.4mm" right="-67.1mm" bottom="0.6mm" top="3.0mm" />
    <NearbyComponent name="TP3" edgeDistance="0.39mm" directions="top" freeSpaceOnLeft=">5.0mm" freeSpaceOnRight="3.5mm" freeSpaceAbove=">5.0mm" left="-69.4mm" right="-66.0mm" bottom="3.3mm" top="5.1mm" />
    <NearbyComponent name="R73" edgeDistance="4.128mm" directions="top" freeSpaceOnLeft="4.9mm" freeSpaceOnRight=">5.0mm" freeSpaceAbove="4.7mm" left="-70.4mm" right="-68.1mm" bottom="7.1mm" top="7.9mm" />
</CongestedRegion>

<CongestedRegion probabilityOfFailure="0.1%" left="46.2mm" right="47.0mm" bottom="41.0mm" top="41.2mm" width="0.9mm" height="0.2mm">
    <NearbyComponent name="U2" edgeDistance="0mm" overlapDepth="0.153mm" directions="left,right,bottom,top" regionWithinComponent left="32.0mm" right="49.2mm" bottom="31.8mm" top="44.6mm" />
    <NearbyComponent name="R65" edgeDistance="0mm" overlapDepth="0mm" directions="right,bottom" freeSpaceOnRight="0.0mm" freeSpaceBelow="0.0mm" left="47.0mm" right="47.9mm" bottom="38.8mm" top="41.2mm" />
    <NearbyComponent name="R35" edgeDistance="2.592mm" directions="left" freeSpaceOnLeft="0.0mm" freeSpaceAbove="0.0mm" freeSpaceBelow="0.0mm" left="42.7mm" right="43.6mm" bottom="41.0mm" top="43.3mm" />
    <NearbyComponent name="C72" edgeDistance="4.302mm" directions="right" freeSpaceOnRight="4.5mm" freeSpaceAbove=">5.0mm" freeSpaceBelow=">5.0mm" left="51.3mm" right="52.2mm" bottom="38.9mm" top="41.1mm" />
</CongestedRegion>

<CongestedRegion probabilityOfFailure="0.1%" left="-106.9mm" right="-106.0mm" bottom="-25.6mm" top="-25.4mm" width="0.9mm" height="0.2mm">
    <NearbyComponent name="D2" edgeDistance="0mm" overlapDepth="0.213mm" directions="bottom,top" freeSpaceOnLeft="0.0mm" freeSpaceOnRight="0.0mm" left="-106.6mm" right="-106.3mm" bottom="-28.5mm" top="-25.4mm" />
    <NearbyComponent name="R9" edgeDistance="0mm" directions="bottom" freeSpaceOnLeft="0.0mm" freeSpaceOnRight="0.0mm" freeSpaceBelow="0.0mm" left="-106.9mm" right="-106.0mm" bottom="-27.9mm" top="-25.6mm" />
    <NearbyComponent name="TP19" edgeDistance="2.06mm" directions="top" freeSpaceOnLeft=">5.0mm" freeSpaceOnRight=">5.0mm" freeSpaceAbove=">5.0mm" left="-108.2mm" right="-104.7mm" bottom="-23.3mm" top="-21.6mm" />
</CongestedRegion>

<CongestedRegion probabilityOfFailure="0.1%" left="-77.0mm" right="-76.7mm" bottom="14.5mm" top="15.0mm" width="0.3mm" height="0.5mm">
    <NearbyComponent name="U5" edgeDistance="0mm" overlapDepth="0.3mm" directions="left,right,bottom,top" regionWithinComponent left="-78.0mm" right="-75.7mm" bottom="13.2mm" top="15.6mm" />
    <NearbyComponent name="SW_RIGHT" edgeDistance="1.6mm" directions="bottom" freeSpaceOnLeft="0.0mm" freeSpaceOnRight="0.0mm" freeSpaceBelow="0.0mm" left="-82.3mm" right="-75.3mm" bottom="6.7mm" top="12.9mm" />
    <NearbyComponent name="TP4" edgeDistance="4.579mm" directions="right" freeSpaceOnRight="0.0mm" freeSpaceAbove="0.0mm" freeSpaceBelow="0.0mm" left="-72.1mm" right="-68.7mm" bottom="14.3mm" top="16.1mm" />
    <NearbyComponent name="R60" edgeDistance="4.728mm" directions="top" freeSpaceOnLeft=">5.0mm" freeSpaceOnRight=">5.0mm" freeSpaceAbove="4.5mm" left="-78.0mm" right="-75.7mm" bottom="19.7mm" top="20.5mm" />
</CongestedRegion>

<CongestedRegion probabilityOfFailure="0.1%" left="101.8mm" right="102.5mm" bottom="-23.2mm" top="-22.2mm" width="0.7mm" height="1.1mm">
    <NearbyComponent name="VR2" edgeDistance="0mm" overlapDepth="0.66mm" directions="left,right,bottom,top" regionWithinComponent left="101.1mm" right="115.9mm" bottom="-36.9mm" top="-21.1mm" />
    <NearbyComponent name="C35" edgeDistance="2.498mm" directions="left" freeSpaceOnLeft="4.6mm" freeSpaceAbove="3.8mm" freeSpaceBelow=">5.0mm" left="97.1mm" right="99.3mm" bottom="-22.5mm" top="-21.6mm" />
    <NearbyComponent name="C33" edgeDistance="4.395mm" directions="left,top" freeSpaceOnLeft=">5.0mm" freeSpaceAbove="4.4mm" left="100.5mm" right="101.4mm" bottom="-17.8mm" top="-15.6mm" />
</CongestedRegion>

<CongestedRegion probabilityOfFailure="0.1%" left="-51.7mm" right="-51.1mm" bottom="-2.7mm" top="-2.6mm" width="0.6mm" height="0.1mm">
    <NearbyComponent name="C59" edgeDistance="0.443mm" directions="right" freeSpaceOnRight=">5.0mm" freeSpaceAbove="4.3mm" freeSpaceBelow=">5.0mm" left="-50.7mm" right="-48.5mm" bottom="-3.5mm" top="-2.6mm" />
    <NearbyComponent name="NT1" edgeDistance="3.318mm" directions="bottom" freeSpaceOnLeft="3.6mm" freeSpaceOnRight=">5.0mm" freeSpaceBelow=">5.0mm" left="-53.4mm" right="-51.1mm" bottom="-6.9mm" top="-6.0mm" />
    <NearbyComponent name="U4" edgeDistance="4.396mm" directions="right,top" freeSpaceOnRight=">5.0mm" freeSpaceAbove="4.3mm" left="-50.4mm" right="-48.7mm" bottom="1.8mm" top="4.4mm" />
</CongestedRegion>

<CongestedRegion probabilityOfFailure="0.1%" left="-78.0mm" right="-77.1mm" bottom="12.7mm" top="12.9mm" width="0.9mm" height="0.2mm">
    <NearbyComponent name="SW_RIGHT" edgeDistance="0mm" overlapDepth="0.205mm" directions="left,right,bottom" freeSpaceBelow="0.0mm" left="-82.3mm" right="-75.3mm" bottom="6.7mm" top="12.9mm" />
    <NearbyComponent name="U5" edgeDistance="0.3mm" directions="top" freeSpaceOnLeft="4.4mm" freeSpaceOnRight="3.6mm" freeSpaceAbove="4.1mm" left="-78.0mm" right="-75.7mm" bottom="13.2mm" top="15.6mm" />
    <NearbyComponent name="L2" edgeDistance="3.515mm" directions="bottom" freeSpaceOnLeft="0.0mm" freeSpaceOnRight="0.0mm" freeSpaceBelow="0.0mm" left="-79.7mm" right="-75.8mm" bottom="7.0mm" top="9.1mm" />
    <NearbyComponent name="C57" edgeDistance="4.448mm" directions="left,top" freeSpaceOnLeft=">5.0mm" freeSpaceAbove=">5.0mm" left="-83.3mm" right="-82.4mm" bottom="13.3mm" top="15.5mm" />
</CongestedRegion>

<CongestedRegion probabilityOfFailure="0.1%" left="-76.2mm" right="-75.3mm" bottom="12.7mm" top="12.9mm" width="0.9mm" height="0.2mm">
    <NearbyComponent name="SW_RIGHT" edgeDistance="0mm" overlapDepth="0.205mm" directions="left,bottom" freeSpaceOnLeft="0.0mm" freeSpaceBelow="0.0mm" left="-82.3mm" right="-75.3mm" bottom="6.7mm" top="12.9mm" />
    <NearbyComponent name="U5" edgeDistance="0.3mm" directions="top" freeSpaceOnLeft="4.4mm" freeSpaceOnRight="3.6mm" freeSpaceAbove="4.1mm" left="-78.0mm" right="-75.7mm" bottom="13.2mm" top="15.6mm" />
    <NearbyComponent name="L2" edgeDistance="3.515mm" directions="bottom" freeSpaceOnLeft="0.0mm" freeSpaceOnRight="0.0mm" freeSpaceBelow="0.0mm" left="-79.7mm" right="-75.8mm" bottom="7.0mm" top="9.1mm" />
    <NearbyComponent name="TP4" edgeDistance="3.524mm" directions="right,top" freeSpaceOnRight="0.0mm" freeSpaceAbove="0.0mm" left="-72.1mm" right="-68.7mm" bottom="14.3mm" top="16.1mm" />
    <NearbyComponent name="C21" edgeDistance="4.465mm" directions="right" freeSpaceOnRight="0.0mm" freeSpaceAbove="0.0mm" freeSpaceBelow="0.0mm" left="-70.9mm" right="-69.5mm" bottom="12.7mm" top="16.1mm" />
</CongestedRegion>

<CongestedRegion probabilityOfFailure="0.1%" left="-80.6mm" right="-80.4mm" bottom="-41.5mm" top="-40.7mm" width="0.2mm" height="0.8mm">
    <NearbyComponent name="SW_SELECT" edgeDistance="0mm" overlapDepth="0.248mm" directions="left,right,bottom,top" regionWithinComponent left="-80.6mm" right="-73.6mm" bottom="-43.4mm" top="-37.2mm" />
    <NearbyComponent name="SW1" edgeDistance="0mm" overlapDepth="0.248mm" directions="left,right,bottom,top" regionWithinComponent left="-88.6mm" right="-80.3mm" bottom="-44.0mm" top="-37.3mm" />
</CongestedRegion>
